IMG_20220729_193118708.jpg,situps_wrong,1864.3882,932.7664,-564.549,1863.2817,893.3775,-517.23425,1865.6721,891.1985,-517.49567,1866.8685,889.3887,-517.8057,1842.8995,894.6572,-617.57074,1830.6964,893.62854,-617.8003,1816.744,892.2793,-617.87225,1821.558,895.32654,-240.12825,1755.7498,896.765,-702.3284,1858.8787,961.6751,-447.85397,1835.0386,966.24506,-583.39404,1855.6356,1017.3209,111.310486,1692.6005,1168.4199,-839.91833,2111.4583,1134.2941,328.4114,1966.8743,1345.2288,-927.285,2355.5142,1163.4564,83.59199,2261.2234,1350.5015,-916.1533,2431.689,1181.7412,51.790714,2344.2275,1372.2891,-1027.5929,2431.8274,1178.7556,-55.79645,2355.9392,1330.5197,-1020.0204,2403.786,1176.2295,31.905123,2331.213,1316.2201,-907.2353,2110.3567,1373.611,313.28265,2063.9285,1507.0654,-312.80807,2464.8186,1170.9058,-88.27408,2449.9714,1258.2468,-647.29974,2941.7996,1330.4368,-228.6923,2941.6892,1389.0884,-647.9569,2981.8025,1401.0955,-255.42992,2989.2349,1466.8761,-650.94196,3150.4795,1220.6617,-506.4562,3142.2444,1264.3184,-888.5546
IMG_20220729_193131712_HDR.jpg,situps_wrong,2044.9216,939.46497,59.97103,2036.0913,897.8471,128.23549,2036.7151,896.8193,127.88732,2036.3357,896.01544,127.46093,2016.9468,897.146,-19.718197,2005.3689,896.31775,-19.899014,1993.5911,895.25653,-20.190237,1988.2762,907.4394,402.76233,1937.528,909.03284,-263.74725,2042.5396,972.49945,169.6592,2020.648,972.9161,-25.098066,1972.6714,1087.8647,810.2315,1923.5703,1126.8044,-691.01996,2237.1362,1276.3324,997.2588,2224.025,1299.7361,-860.9427,2513.793,1284.028,714.22437,2532.4707,1293.648,-576.241,2601.9978,1296.2793,722.3124,2615.6702,1319.0609,-655.31793,2610.4304,1276.2228,598.12476,2632.4854,1286.8344,-609.7748,2586.1387,1269.1915,644.43915,2602.9941,1278.6309,-546.46045,2298.7427,1435.4397,500.77438,2262.4922,1484.9344,-499.9385,2661.4563,1177.4723,404.4207,2654.7683,1129.1165,-593.7776,3125.4988,1271.798,533.74524,3157.766,1262.1653,-291.2141,3171.1467,1351.4729,527.97253,3200.2896,1342.8348,-259.18655,3304.1372,1138.2802,349.066,3360.5564,1117.7057,-393.31726
IMG_20220729_193133617_HDR.jpg,situps_wrong,2097.9229,1010.5064,-174.47873,2079.8438,973.99396,-111.23902,2077.3137,974.17456,-111.54008,2074.3044,974.48694,-111.93748,2069.9314,973.65204,-261.6598,2061.7017,973.78973,-261.83862,2052.246,974.1098,-262.01776,2020.8383,995.50366,164.98174,1993.9598,996.6532,-512.44354,2088.0137,1050.0874,-61.519558,2075.6538,1051.9658,-258.61508,2010.4923,1185.7473,593.71173,1987.1705,1228.3695,-873.8307,2244.7412,1396.9623,779.4212,2264.0833,1424.1353,-1039.7363,2518.7812,1421.8776,506.13272,2559.3748,1438.9402,-732.3996,2616.4167,1432.7106,512.56006,2659.0825,1458.6273,-820.5371,2636.0312,1411.7246,383.1443,2676.7087,1435.4014,-775.46246,2605.0408,1406.8912,434.64963,2649.078,1425.4336,-705.10284,2295.4639,1555.5698,489.62195,2280.345,1600.9412,-489.17126,2672.9744,1302.6663,479.0422,2691.012,1268.1221,-559.27856,3098.8718,1476.7031,696.98535,3137.241,1477.6353,-135.23975,3137.499,1561.6038,699.87524,3171.7793,1568.3156,-92.71096,3284.4314,1352.1854,550.10333,3332.1453,1344.2666,-175.38394
IMG_20220729_193136024_HDR.jpg,situps_wrong,1388.1913,1309.7261,-147.71379,1367.2474,1268.3368,-85.23322,1364.0985,1268.2115,-85.54357,1360.1595,1268.1844,-85.98087,1356.7609,1267.6174,-244.23326,1347.3993,1266.7386,-244.44296,1337.4882,1266.1722,-244.73326,1306.2385,1287.2085,176.33711,1283.6859,1288.7516,-538.8148,1380.7935,1349.8197,-39.84845,1367.2921,1350.3776,-248.51115,1299.7402,1488.6458,615.61993,1272.8923,1529.7542,-912.7461,1564.4512,1655.4624,863.6962,1582.3851,1673.0283,-1078.9769,1825.8062,1578.2113,607.1947,1854.2277,1573.7222,-813.63544,1911.0468,1574.0334,622.4692,1950.8741,1561.2407,-908.52997,1918.7499,1543.4911,492.4027,1949.199,1519.7351,-848.90076,1884.4602,1548.5862,537.31726,1924.0316,1520.4092,-779.4206,1618.1892,1833.4702,511.0292,1599.7687,1893.0623,-510.1861,1990.3503,1584.8317,468.13528,2019.2872,1594.5607,-641.3902,2411.1736,1825.3392,703.08093,2446.7097,1864.6895,-327.5683,2434.785,1894.8082,709.0805,2474.0557,1945.5984,-297.51196,2586.217,1733.9036,569.93506,2651.7126,1768.2767,-451.09927
IMG_20220729_193138496_HDR.jpg,situps_wrong,1631.7034,1345.4879,-382.56107,1612.2118,1321.9338,-344.11755,1609.0261,1321.8773,-344.40555,1605.0852,1321.7659,-344.79727,1607.3486,1325.34,-461.77637,1600.765,1327.637,-461.92593,1592.9756,1330.1155,-461.8306,1554.4937,1352.9628,-140.46788,1542.6714,1361.1776,-675.47394,1634.7997,1383.3556,-296.6831,1625.8401,1387.015,-451.88522,1617.58,1504.5854,191.75705,1617.0173,1614.96,-891.1133,1874.293,1564.0753,442.4,1927.002,1686.9495,-900.2416,2090.6587,1486.6106,330.81525,2175.2625,1565.4832,-679.9847,2147.6885,1462.768,311.73346,2249.4766,1554.6508,-770.4038,2146.1963,1451.1848,211.17836,2231.3333,1511.3309,-765.1715,2126.8079,1462.9614,281.96857,2204.5352,1510.2875,-673.29987,1949.3558,1750.5656,355.87463,1979.8954,1836.2673,-355.52737,2215.9612,1442.9757,378.0724,2277.9094,1479.0259,-442.2805,2608.586,1572.2432,577.016,2670.3953,1597.7133,-44.17032,2658.6958,1633.6616,585.57715,2707.7383,1667.2894,4.382006,2766.9321,1470.6584,490.97504,2821.8374,1477.6884,-12.098438
IMG_20220729_193140159.jpg,situps_wrong,1141.4951,1511.0588,-450.93195,1119.7798,1480.9316,-402.5825,1116.6672,1481.179,-402.80167,1112.6875,1481.5826,-403.13898,1114.9238,1484.0946,-529.8015,1108.7018,1486.6176,-530.0431,1101.283,1488.9773,-530.11975,1060.605,1506.2836,-165.21933,1046.0461,1512.5857,-742.65204,1133.3068,1549.8691,-351.5632,1126.2582,1552.2852,-519.5345,1109.6504,1660.6472,202.22794,1034.5494,1785.95,-965.3936,1339.6997,1794.1589,459.97293,1313.5702,1933.2458,-1046.3358,1557.8124,1781.5442,324.28723,1584.8414,1920.9019,-853.73584,1657.7668,1822.3292,322.3859,1667.6038,1931.961,-950.0579,1662.1481,1816.8416,205.3754,1676.0052,1899.6063,-950.5599,1612.2349,1782.2428,268.26883,1653.2677,1887.9166,-847.7843,1334.4722,1955.735,384.0829,1335.7045,2072.3481,-383.91965,1625.4716,1683.9208,366.74188,1653.3596,1727.9849,-549.0611,1991.1355,1810.2787,503.45804,2050.3772,1843.1401,-234.23552,2041.4528,1867.0603,505.003,2083.9563,1918.3309,-202.01968,2157.5488,1705.4176,395.91425,2202.0154,1732.6863,-304.03964
IMG_20220729_193143748_HDR.jpg,situps_wrong,1791.9763,1833.9701,-508.2932,1781.5864,1805.5554,-476.66995,1781.6074,1804.4926,-476.8608,1780.9708,1803.8693,-477.04248,1768.6887,1811.097,-577.5876,1759.8422,1813.9324,-577.75305,1749.953,1817.0106,-577.8078,1741.7152,1825.945,-276.54584,1706.5225,1836.8715,-740.89,1792.6771,1865.0992,-420.9079,1776.9485,1872.8069,-556.1491,1789.8806,1938.0934,41.092823,1725.6156,2071.6465,-893.53217,2046.1556,1979.1805,237.10945,2024.5757,2157.2063,-938.38574,2252.15,1966.0687,91.681694,2284.3215,2110.9812,-884.8712,2319.5122,1961.7728,64.85477,2359.1365,2101.3774,-992.6089,2315.1743,1954.3162,-25.8491,2362.4773,2067.6084,-998.645,2291.4165,1961.0603,48.42594,2340.8572,2061.8855,-884.9767,2115.2476,2150.2158,303.12228,2117.6772,2267.4736,-302.87222,2410.3298,1950.9526,191.50409,2432.8796,2010.6978,-456.90317,2780.8528,2096.108,316.27457,2821.7136,2132.088,-242.24002,2814.153,2143.7568,316.6376,2873.8027,2195.6482,-220.74875,2938.1538,2022.2754,167.21686,2981.4492,2035.8542,-352.49957
IMG_20220729_193146387_HDR.jpg,situps_wrong,1351.796,2327.6487,-433.9706,1337.5845,2293.1973,-392.25497,1337.2546,2292.8418,-392.40955,1335.8582,2292.972,-392.63477,1325.6155,2296.7122,-500.13025,1317.9375,2297.6946,-500.30127,1309.5889,2299.219,-500.37726,1291.7003,2312.9106,-174.73407,1265.1985,2318.9592,-669.3176,1350.1263,2360.8452,-341.66156,1336.2184,2363.389,-486.2483,1337.9408,2432.7485,162.67809,1244.5393,2552.5767,-864.5205,1594.3019,2500.3914,363.10443,1527.6528,2663.887,-959.3417,1801.3824,2506.2136,198.96333,1793.2125,2647.5645,-894.4108,1882.444,2528.468,187.59596,1870.9829,2649.6213,-999.8066,1882.6951,2525.324,88.34658,1876.8783,2613.29,-989.3383,1850.9586,2518.817,151.53558,1852.226,2606.5928,-885.5854,1630.7516,2680.0596,336.1795,1608.18,2784.274,-335.8051,1931.845,2490.1775,131.58687,1952.9364,2535.1729,-465.39044,2328.8145,2577.2852,181.774,2361.4849,2603.5715,-294.71082,2379.5566,2628.745,173.93852,2420.0579,2661.0388,-282.51678,2479.761,2439.5107,2.3236008,2497.9731,2456.7168,-440.65707
IMG_20220729_193155334_HDR.jpg,situps_wrong,2255.683,801.40094,-302.17245,2229.6963,769.2851,-282.43854,2221.397,769.21497,-282.73157,2213.4407,768.51227,-282.9741,2242.4636,772.2341,-376.60458,2242.583,774.6672,-376.7429,2242.7183,776.31104,-376.93036,2170.1257,799.26215,-178.28972,2204.7034,806.455,-600.467,2238.604,844.14984,-251.12009,2250.8235,846.4379,-372.6323,2144.038,1000.158,117.736374,2283.6987,1072.4194,-857.59607,2364.134,1201.6511,160.07173,2555.6877,1241.892,-775.47845,2608.8704,1273.4603,-102.08495,2778.181,1321.757,-460.48465,2664.3164,1277.8982,-135.20407,2822.5571,1348.763,-555.0141,2677.2678,1275.2158,-240.00137,2823.829,1322.578,-551.60785,2658.8425,1283.832,-158.17052,2809.197,1314.3384,-458.95868,2266.161,1424.8699,322.70157,2366.1506,1472.4188,-324.16718,2412.2236,1061.2294,905.86145,2561.3062,1163.5195,-283.06006,2544.1162,1257.1855,1432.0278,2567.8367,1251.2966,882.3169,2536.2974,1317.7544,1488.9257,2555.318,1297.884,1016.3363,2672.1467,1207.0659,1581.2576,2650.7957,1190.7058,1250.9949
IMG_20220729_193157185.jpg,situps_wrong,1548.0272,823.36456,-165.5504,1520.2659,790.77765,-181.77342,1509.3661,790.5504,-182.08002,1498.4469,790.017,-182.44435,1540.1027,790.8599,-271.97122,1543.0795,791.06586,-272.06616,1545.8824,790.4013,-272.23456,1451.7773,819.0273,-197.41689,1512.3174,817.50433,-598.0564,1523.1687,866.5646,-150.74615,1542.3138,864.3664,-267.1832,1376.218,1041.7728,123.21481,1578.8688,1132.6349,-890.8318,1557.7255,1240.9243,517.68695,1858.6583,1344.9539,-736.5024,1757.5028,1277.6609,607.73584,2081.5227,1385.0597,-382.0808,1790.1288,1283.5978,615.20026,2129.3374,1415.123,-496.31946,1803.2599,1267.4255,500.22415,2123.8433,1391.2516,-502.08597,1800.0052,1275.7593,558.68677,2107.0955,1385.2767,-385.6773,1530.0763,1503.8472,344.75415,1649.4836,1565.088,-346.08148,1752.4108,1150.8649,1051.3718,1875.2654,1233.2554,110.72868,2019.4017,1327.2092,1816.837,2063.509,1367.1726,1230.216,2032.9235,1384.2151,1898.684,2077.324,1405.0189,1356.5441,2165.09,1279.9058,1923.9541,2149.5425,1297.9138,1450.2605
IMG_20220729_193159145.jpg,situps_wrong,1928.1993,1106.4175,-324.72302,1910.5212,1066.9126,-329.32306,1897.9462,1063.9,-329.61853,1907.8196,1073.6084,-329.92264,1929.6637,1069.4263,-405.71576,1931.9497,1068.186,-405.87576,1933.815,1066.6483,-406.06296,1847.1962,1079.2501,-293.92758,1907.8851,1084.1902,-635.2574,1904.4246,1144.3718,-294.74722,1918.7069,1142.416,-394.2263,1753.495,1292.5148,-26.520233,1979.8525,1310.7924,-793.19183,1894.8333,1435.011,320.22565,2211.9148,1513.8359,-619.147,2024.9937,1431.3376,566.4635,2401.6304,1479.7937,-299.94794,2031.5814,1440.0465,599.91345,2441.7393,1492.3862,-359.85117,2039.9277,1420.7749,520.32965,2425.4585,1465.5797,-375.6478,2045.9034,1422.2047,540.7244,2420.302,1464.1165,-301.31378,1943.8467,1603.8301,257.7937,2029.7206,1642.3284,-258.20282,2186.8384,1321.5634,545.73865,2176.872,1370.1533,-476.8325,2438.0264,1413.6304,897.9473,2370.3389,1424.092,197.75264,2460.2917,1460.9617,938.7182,2390.789,1463.0172,278.9666,2542.5874,1348.749,928.6933,2439.5151,1350.5297,362.99002
IMG_20220729_193200451.jpg,situps_wrong,1381.4528,1234.7424,-579.9778,1363.3672,1201.5529,-570.6377,1356.9425,1199.7058,-570.97345,1349.4218,1197.2224,-571.3696,1368.2109,1205.6826,-646.32153,1366.2223,1207.2449,-646.56036,1363.7909,1208.7654,-646.70233,1299.4965,1221.3278,-462.3687,1322.726,1234.451,-797.55493,1363.5104,1275.6567,-524.59125,1367.8523,1278.0934,-622.3543,1247.0353,1370.1578,-144.70145,1430.1027,1493.7771,-909.47656,1388.0428,1485.7698,329.79718,1743.4553,1544.4141,-799.4815,1481.5331,1427.6248,575.5688,1950.83,1445.8143,-650.4663,1490.1586,1408.7386,592.8949,2009.6819,1444.3884,-754.6563,1494.1678,1407.4884,496.98578,2005.6746,1418.986,-779.7153,1491.8961,1413.521,545.8108,1985.7456,1420.6602,-662.49445,1523.4218,1670.3003,282.08664,1598.2343,1748.1433,-281.93042,1723.3314,1323.1399,246.37029,1798.2103,1449.9198,-692.37463,1905.2593,1423.9503,650.49603,2072.4385,1395.1675,28.495728,1939.1132,1461.177,695.4171,2105.9185,1390.3046,117.030525,1975.8965,1382.0682,641.135,2172.063,1284.015,160.3327
IMG_20220729_193201634.jpg,situps_wrong,1510.7172,1727.155,-995.54926,1489.7186,1696.7479,-969.4329,1482.6697,1695.752,-969.6738,1475.5544,1695.0135,-970.08295,1500.0197,1700.7012,-1077.389,1500.8375,1702.3693,-1077.7416,1501.7106,1704.1764,-1077.808,1443.0863,1722.8949,-753.0322,1479.4169,1730.3832,-1238.9459,1500.4312,1760.8081,-893.929,1509.2461,1763.2566,-1036.0521,1395.2874,1851.3276,-298.1696,1590.1453,1957.4215,-1274.8331,1540.2952,1837.3745,249.74773,1865.7201,1979.7175,-1150.5817,1700.9979,1735.8036,458.06952,2032.0536,1810.2886,-916.0416,1736.5553,1711.6425,474.2228,2091.166,1786.7736,-1036.8373,1742.4762,1710.1329,329.67783,2082.0183,1768.7434,-1056.5374,1730.6443,1720.3862,404.99658,2052.6821,1774.2224,-922.0763,1667.6989,2101.2393,353.6898,1773.1376,2145.4958,-353.4928,1803.729,1763.5917,312.3932,1910.6599,1833.6727,-521.8336,2136.0513,1785.4332,801.9033,2182.2893,1760.3328,218.07379,2188.5115,1817.3197,849.53796,2232.7754,1785.381,295.19104,2207.4084,1684.6263,754.8442,2250.726,1646.5127,247.30423
IMG_20220729_193202984_HDR.jpg,situps_wrong,1678.2384,1638.5336,27.087286,1662.1366,1604.7662,29.953455,1650.8159,1603.8376,29.580687,1645.1942,1601.9567,29.327145,1669.1597,1608.0787,-24.064869,1668.0918,1607.758,-24.13232,1666.233,1612.7461,-24.313929,1614.5028,1618.834,76.54299,1636.7656,1622.6625,-165.4529,1645.5294,1657.5991,53.03028,1654.5806,1660.148,-17.466105,1576.9252,1722.7948,131.34814,1660.895,1744.8578,-254.87694,1740.4021,1723.9496,66.5115,1914.8527,1751.6917,-230.01663,1922.8999,1629.7041,-227.78627,2049.5063,1649.6973,-91.66412,1986.2488,1617.653,-283.7407,2050.2278,1629.7233,-142.30861,1990.1359,1619.0767,-349.4085,2035.1937,1623.4349,-143.57819,1973.3246,1623.8129,-264.85693,2031.363,1628.7131,-92.07668,1760.4862,1983.4092,130.99883,1801.2773,2013.3605,-131.13086,2001.0116,1798.1841,-407.19244,1982.1838,1846.938,-601.9844,2180.273,1704.1487,-505.57132,2169.3818,1696.043,-453.73593,2199.6047,1715.3829,-512.6756,2189.8904,1693.5524,-436.32092,2207.09,1612.6492,-710.3534,2200.784,1591.9402,-593.9543
IMG_20220729_193214437_HDR.jpg,situps_wrong,2421.5234,828.06067,361.73685,2432.9236,798.11475,464.329,2439.9517,799.3827,464.1797,2447.176,801.0287,464.04538,2404.3145,790.2736,418.61563,2387.134,784.6268,418.48944,2369.1177,779.0195,418.27075,2439.733,808.86127,875.9717,2325.3843,781.62256,671.3561,2422.974,865.26294,497.2983,2389.8086,860.85443,436.79602,2503.1506,1014.4255,1009.45044,2196.4832,973.3538,405.53802,2741.3672,1097.0154,587.5146,2233.442,1085.7485,-311.1111,3020.3076,1059.3295,-98.82245,2497.4495,998.48645,-862.9236,3086.6672,1081.8752,-186.18057,2557.7883,1017.5332,-967.7731,3077.333,1076.9441,-227.54622,2574.038,999.5979,-918.36206,3047.351,1067.7222,-137.77661,2563.0925,993.91956,-846.49335,2534.3308,1378.7615,267.7645,2357.2217,1386.3386,-269.0527,2855.7427,1082.4753,-109.34305,2648.3245,1047.6631,-663.19855,3091.119,1358.4852,-828.6079,2951.2556,1432.8406,-1252.8606,3101.7341,1448.3899,-920.36957,2983.253,1545.501,-1310.8958,3285.2405,1407.1073,-1187.8849,3171.8088,1429.5044,-1531.8456
IMG_20220729_193216508.jpg,situps_wrong,1074.0042,652.8734,-33.19465,1087.8077,618.51416,62.436874,1096.9126,618.75916,62.09854,1105.4277,619.0681,61.937424,1054.2397,612.8335,-0.13825594,1035.8131,607.6137,-0.23932306,1015.1825,602.0779,-0.28596124,1097.5964,628.2753,487.24045,964.2409,606.67053,203.62776,1076.6141,695.07214,115.099266,1040.3865,690.0686,32.201,1133.5035,837.0285,673.986,844.4598,817.86865,-2.7584097,1310.2435,973.8683,430.21274,873.5452,984.24817,-683.73096,1578.9517,966.9148,-151.27112,1143.5365,862.8212,-1176.482,1664.8395,988.4214,-219.99275,1198.8329,886.7244,-1271.6346,1664.7318,978.6309,-279.3974,1218.3217,870.07666,-1230.9039,1632.1171,971.5626,-193.80037,1203.6853,863.4335,-1161.1853,1194.6748,1265.783,291.42944,1030.5315,1283.9482,-292.3192,1544.4847,1010.3028,72.00156,1296.4808,946.47943,-669.3165,1752.0354,1367.3044,-351.7158,1575.7142,1376.0099,-896.5163,1747.6351,1476.4863,-406.865,1586.7257,1480.0211,-910.9549,1973.1295,1389.7513,-660.9281,1798.8383,1387.7488,-1124.6862
IMG_20220729_193218327.jpg,situps_wrong,2022.4974,772.20233,-240.45903,2031.3833,740.61536,-154.46332,2039.3727,740.813,-154.75905,2047.1116,741.3744,-154.81479,2000.9296,737.5918,-205.41219,1984.3333,735.3683,-205.51645,1966.5624,733.302,-205.40117,2035.7828,753.53534,268.0837,1918.8008,744.54114,31.88324,2028.5664,807.24664,-88.52847,1992.5995,807.33545,-157.0832,2112.1504,936.04456,515.8687,1815.5193,954.76385,-84.25941,2344.3672,1058.6434,247.24397,1886.861,1074.5898,-672.6045,2569.1987,1078.03,-434.18228,2114.3838,1076.0443,-1280.4147,2636.8926,1124.3395,-539.2479,2151.5188,1117.5588,-1412.6365,2628.3613,1119.5077,-630.8694,2184.5012,1096.5383,-1408.0221,2604.2651,1103.8759,-490.354,2178.341,1083.5677,-1283.3981,2172.7876,1344.909,229.4108,2023.472,1399.0964,-229.00827,2479.4756,1141.4474,-438.5467,2254.2356,1160.01,-983.5523,2693.49,1536.6514,-1059.3192,2545.054,1593.6234,-1443.0504,2690.9739,1630.4067,-1143.664,2557.561,1685.8774,-1495.2584,2881.4246,1583.0269,-1508.3816,2718.7595,1598.5828,-1839.2593
IMG_20220729_193219547.jpg,situps_wrong,1465.5269,1291.2559,-288.22726,1475.6906,1263.0576,-201.98067,1482.3762,1262.646,-202.29292,1488.8435,1262.0691,-202.3843,1445.0416,1257.0403,-256.92737,1428.7408,1252.4066,-257.00552,1412.2122,1248.3438,-256.89313,1475.7765,1267.8245,226.15843,1366.1708,1255.8446,-29.914755,1466.3229,1326.0262,-133.92857,1432.9888,1322.866,-208.73534,1537.752,1456.753,483.74005,1256.7295,1463.8016,-107.88733,1750.9448,1587.7075,273.02487,1304.4899,1587.1257,-643.59576,1968.9924,1630.4554,-347.98068,1511.0728,1642.6396,-1242.7552,2028.4692,1679.8414,-440.93005,1540.9498,1691.2867,-1372.5343,2016.1178,1677.2311,-532.3949,1583.2186,1674.7194,-1366.7963,1992.4025,1663.3564,-400.89664,1581.9473,1662.3706,-1244.5914,1558.8177,1856.1792,217.98996,1422.5151,1908.2789,-217.87407,1868.4799,1690.0183,-345.55746,1639.9976,1707.8752,-1035.5988,2051.0122,2096.3718,-834.742,1882.8024,2152.2727,-1334.2915,2038.9525,2185.252,-905.33954,1881.9094,2243.3262,-1367.586,2222.12,2181.0645,-1249.1012,2022.3695,2188.0505,-1686.2214
IMG_20220729_193221075.jpg,situps_wrong,1571.6904,1582.0955,-486.21265,1574.4609,1551.7922,-416.31104,1580.9719,1550.0713,-416.69052,1587.3137,1548.0554,-416.9402,1546.4454,1551.2083,-458.41443,1530.5983,1550.2476,-458.45782,1515.7836,1549.7698,-458.3284,1580.5248,1550.0343,-8.759704,1480.1019,1560.2009,-208.28712,1580.3851,1612.0852,-331.92566,1546.0688,1616.319,-390.39664,1669.1455,1699.4504,314.0072,1397.3516,1759.4741,-210.4268,1860.0092,1821.9705,187.04752,1463.0513,1915.2029,-607.17993,2073.433,1881.2391,-423.23578,1622.1522,1985.7587,-1193.2273,2141.2446,1923.2787,-527.3336,1661.4855,2035.3263,-1334.9125,2127.0093,1928.5242,-621.6007,1694.2053,2020.1578,-1360.808,2104.6038,1915.2395,-477.21295,1691.1917,2004.9836,-1209.3435,1718.9763,2096.2612,199.02911,1588.6824,2155.7488,-198.49239,1991.6177,1989.4509,-516.42126,1784.2758,2038.1853,-1195.906,2162.6758,2379.049,-668.10333,1999.151,2445.333,-1273.7062,2154.533,2460.1345,-701.54083,2002.6642,2530.3066,-1286.0582,2316.1248,2475.8762,-1061.3534,2157.4685,2542.1035,-1659.3761
IMG_20220729_193222570.jpg,situps_wrong,2070.5938,946.52673,-543.6396,2074.0117,913.3688,-466.63348,2081.2258,912.01874,-467.0098,2088.3699,910.7929,-467.23685,2044.9591,913.90784,-505.35403,2028.8811,913.5165,-505.43808,2014.5386,913.29913,-505.3237,2083.8765,916.9564,-52.094013,1980.061,925.19824,-232.45584,2080.9763,977.93414,-390.36017,2047.5116,981.6372,-443.26334,2178.4106,1093.4536,268.45752,1896.8992,1138.7706,-255.71466,2372.2788,1203.6636,127.34899,1968.6227,1288.4592,-672.3619,2578.5034,1260.3535,-505.64487,2136.0125,1355.063,-1278.4513,2646.81,1299.1967,-611.9597,2181.8438,1405.8015,-1428.5969,2631.8225,1301.3351,-706.5071,2214.7717,1387.8204,-1448.4434,2608.1511,1288.3971,-560.19464,2210.8015,1372.102,-1294.2705,2209.895,1491.7844,211.00417,2081.4785,1546.9354,-210.4906,2488.63,1353.3232,-506.4168,2291.261,1405.8157,-1117.6997,2677.5422,1739.2749,-592.3296,2523.8787,1815.2319,-1036.0797,2664.783,1818.7607,-619.2317,2527.3057,1899.4492,-1033.2687,2819.3118,1833.7548,-967.15436,2679.7224,1897.355,-1385.4261
IMG_20220729_193227459.jpg,situps_wrong,2022.7081,982.955,42.717564,2043.9229,954.5356,120.4957,2054.6077,955.7351,120.297066,2064.429,957.0988,120.14972,2006.4509,952.3439,113.059044,1992.3798,951.98193,112.88781,1981.4012,952.1444,112.83685,2080.9604,976.40936,433.7421,1964.787,969.63196,393.25626,2043.0853,1017.533,144.9279,1997.3177,1014.7198,132.8724,2165.103,1162.7352,421.85352,1868.2784,1144.5446,414.57343,2261.4204,1247.3225,-45.650715,1728.0259,1170.9272,-98.835915,2373.5188,1243.4093,-656.2844,1678.7915,1144.3525,-809.46375,2422.6719,1276.9846,-745.1189,1636.9069,1170.4575,-910.0397,2389.5078,1270.4092,-783.5871,1686.1783,1161.3129,-916.6137,2367.2424,1260.6378,-686.1335,1705.4823,1159.8314,-828.25714,2100.8079,1463.3273,9.020169,1910.1079,1454.1138,-9.312879,2163.1816,1172.2266,-586.74976,1918.39,1159.5343,-638.8693,2130.4973,1503.8021,-817.7702,1886.0956,1482.2231,-810.2836,2107.9595,1560.0286,-855.5314,1893.642,1547.374,-841.73303,2143.2327,1561.5059,-1073.8156,1903.0421,1542.5398,-1075.9532
IMG_20220729_193229551.jpg,situps_wrong,1353.3706,863.83307,-56.458897,1381.9307,838.49396,35.268745,1396.3698,841.49554,35.137413,1408.708,844.2613,35.271286,1336.5212,831.27216,33.92946,1320.9565,829.9282,33.725574,1308.2853,830.0525,33.731487,1430.8665,866.8896,467.4843,1292.7822,853.0301,456.08527,1376.444,911.4034,88.79672,1322.6677,904.0583,85.11304,1527.0243,1091.0054,572.9385,1177.8668,1069.2041,588.9114,1651.1317,1237.9215,27.961866,1008.77094,1170.8832,38.462883,1734.4215,1252.976,-795.4833,969.63965,1130.785,-863.4339,1784.4644,1290.4143,-898.35144,929.97266,1178.9772,-981.88153,1735.7946,1277.1002,-979.7874,979.1875,1165.595,-1001.12354,1712.1216,1265.2296,-840.84283,1001.21826,1152.8918,-882.4214,1443.4863,1463.3033,-0.13795967,1227.0114,1456.7277,0.22137207,1503.4685,1108.1505,-680.03894,1229.3473,1080.1394,-773.0099,1391.6298,1480.8744,-1395.078,1242.6417,1474.5657,-1415.5999,1352.4608,1583.2666,-1491.0787,1260.3536,1594.5845,-1502.7473,1382.2109,1497.5458,-1802.6841,1290.0793,1499.8177,-1811.8556
IMG_20220729_193230909.jpg,situps_wrong,2081.443,323.98636,-30.859037,2103.481,297.5213,49.870735,2116.7998,300.6567,49.71645,2129.2915,302.98993,49.905056,2063.0977,289.87885,37.165142,2044.8148,287.35324,36.931423,2028.7706,285.69897,36.89961,2146.4478,320.4905,438.4828,2004.9756,301.10126,368.95264,2098.9019,368.49945,102.52097,2048.572,365.2048,81.69444,2223.64,535.6415,518.84174,1888.076,504.8818,451.85822,2323.3936,711.22455,36.56204,1769.5842,646.0524,-56.67432,2410.6748,762.8544,-718.6904,1723.2596,634.9732,-906.5255,2454.925,814.1782,-827.56445,1681.2712,670.7246,-1021.67847,2417.566,805.2723,-885.9312,1733.7335,655.64465,-1066.892,2397.486,788.1984,-753.4944,1753.1471,649.20905,-936.23346,2132.9773,937.6419,43.538376,1920.7167,934.15466,-43.61417,2248.774,668.642,-745.362,1929.9872,606.29047,-963.64984,2194.6123,1074.4968,-1456.9049,1958.3042,1028.8848,-1501.0164,2158.407,1177.0608,-1550.7806,1971.9333,1104.4353,-1570.6095,2229.5361,1101.9341,-1895.8674,2042.4344,1047.0374,-1908.4823
IMG_20220729_193232312.jpg,situps_wrong,1629.7948,1573.5206,-454.9849,1652.8903,1545.0006,-380.92545,1664.3615,1546.3147,-381.1334,1674.4846,1547.28,-381.14343,1612.8502,1542.3236,-387.39087,1597.798,1541.0645,-387.55164,1585.7646,1539.8635,-387.568,1694.2661,1556.1593,5.336325,1571.555,1549.7377,-29.027258,1649.725,1605.953,-318.9488,1603.8142,1605.5153,-329.82663,1772.9045,1707.8965,168.18286,1471.3289,1740.1816,154.62373,1888.7552,1824.394,-306.09293,1372.3217,1906.2012,-192.85934,1952.0944,1845.2592,-1015.53986,1304.6332,1995.0199,-847.50653,1987.0818,1886.0631,-1123.1171,1262.3035,2052.42,-939.33044,1945.3586,1887.6794,-1154.2034,1297.525,2046.6066,-993.839,1926.8954,1877.7002,-1037.937,1320.8434,2027.8654,-876.26215,1732.4274,2056.8484,2.598811,1557.8274,2077.344,-2.0192008,1762.7948,1847.2745,-740.30615,1497.568,1958.4105,-955.1146,1737.2589,2172.897,-1127.8538,1516.6675,2311.1782,-1241.4088,1728.0724,2260.1216,-1188.6864,1550.3589,2367.3687,-1295.6981,1766.957,2248.9504,-1511.0166,1539.5082,2392.741,-1686.7225
IMG_20220729_193233747.jpg,situps_wrong,1632.0586,1741.3297,-225.46635,1649.3538,1711.7555,-175.80229,1658.8351,1711.3655,-175.87683,1667.393,1711.2892,-175.86823,1612.7894,1714.2767,-180.99728,1600.0532,1714.7778,-181.18083,1589.1759,1715.604,-181.20682,1680.6135,1719.9617,87.85448,1577.152,1726.9532,63.82946,1650.9978,1768.7347,-131.07057,1610.9426,1772.2441,-138.16023,1764.475,1858.8268,160.51448,1499.1729,1894.0938,165.25539,1866.7753,1981.0453,-108.67085,1426.508,2052.3188,-47.45283,1904.4531,2044.2183,-571.2353,1374.7445,2141.488,-498.04633,1923.3882,2090.1235,-659.25037,1345.846,2196.7678,-576.18024,1886.9705,2088.585,-700.9235,1371.5131,2192.7434,-634.6409,1871.1022,2074.8223,-595.6106,1388.7316,2173.3923,-528.9794,1733.3875,2200.751,6.0767646,1582.5166,2220.3208,-5.6863165,1774.5154,2022.7206,-638.6404,1525.6405,2115.4778,-790.3693,1741.2747,2333.7273,-722.56665,1546.3289,2447.3215,-847.90985,1710.9548,2409.943,-737.7424,1566.2285,2492.3257,-861.2093,1702.0238,2422.3677,-978.1956,1566.473,2539.1885,-1139.6809
IMG_20220729_193235135.jpg,situps_wrong,2276.7905,1191.9426,-336.13855,2295.9329,1166.9207,-283.5162,2306.0015,1167.7616,-283.6702,2314.2578,1168.3878,-283.63306,2260.66,1162.2866,-289.7389,2247.313,1160.2389,-289.92126,2237.2756,1159.2504,-289.95944,2326.706,1176.0281,6.3569856,2223.913,1167.2288,-25.917992,2291.5466,1221.632,-232.31284,2253.2766,1219.7118,-242.04991,2395.0916,1320.9314,128.37065,2123.5647,1324.681,109.267715,2492.1162,1450.3264,-200.43538,2022.1177,1463.2019,-164.98146,2541.4243,1501.4032,-754.5493,1980.3215,1516.9535,-727.032,2558.716,1545.4174,-843.49194,1948.4423,1563.4276,-807.7456,2523.5586,1538.1047,-865.3943,1985.875,1555.3232,-853.38727,2510.22,1524.5062,-771.2164,2002.1002,1541.8324,-751.7584,2350.5818,1648.7551,11.368113,2200.5344,1648.9513,-10.813796,2376.5981,1415.2998,-514.2592,2149.7637,1582.2476,-843.66486,2308.3457,1737.0162,-805.9171,2147.459,1912.3063,-1123.1454,2298.3381,1785.8108,-851.0444,2158.5886,1984.9879,-1168.9185,2273.5374,1775.6022,-1108.5183,2185.5298,1973.9758,-1501.9772
IMG_20220729_193241309_HDR.jpg,situps_wrong,2405.1057,1185.0364,308.23148,2428.37,1161.4886,355.1788,2439.415,1161.1742,355.22052,2450.6323,1160.9247,355.18594,2399.5435,1158.7617,374.34448,2392.0137,1157.7838,374.19333,2383.9976,1156.79,374.00595,2479.486,1174.3959,547.3167,2381.8105,1167.9498,638.9728,2425.7815,1216.902,368.56396,2392.1091,1214.5033,394.2094,2532.3232,1326.4559,349.1838,2311.5085,1298.2892,699.3385,2481.2087,1421.0833,-135.95229,2192.9138,1359.761,285.95172,2403.904,1484.945,-622.903,2126.012,1322.5477,-360.60287,2384.4756,1524.4199,-704.5771,2107.1772,1331.7806,-465.75732,2347.4214,1499.7616,-735.3308,2121.2168,1305.3016,-469.50696,2350.062,1486.3855,-641.84155,2148.4226,1309.3977,-382.03018,2354.9043,1605.2961,-169.27689,2231.2114,1573.8539,168.79141,2201.9048,1340.7566,-576.12384,2025.7869,1321.2213,-211.53331,1871.9496,1537.7128,-1141.263,1805.2452,1502.4404,-893.8088,1824.5824,1617.4357,-1196.4976,1768.4302,1580.189,-970.5911,1723.3729,1499.9407,-1404.1753,1652.2612,1431.5303,-1170.5114
IMG_20220729_193243162.jpg,situps_wrong,1770.2902,1208.791,554.389,1779.7583,1211.5159,554.6306,1779.6589,1213.0287,554.50543,1779.5947,1214.6752,554.4652,1779.3604,1209.3202,566.5615,1779.0542,1210.0139,566.6121,1778.7257,1210.7396,566.40753,1767.277,1226.1033,540.3667,1765.7908,1220.6309,597.80896,1754.6323,1217.0444,549.5106,1754.3022,1213.0724,565.8491,1706.3761,1252.4788,395.80777,1691.7479,1235.1421,488.4449,1735.119,1309.7449,50.231308,1626.5182,1274.7118,223.77147,1745.5466,1356.9296,-182.83282,1639.6538,1323.7815,-48.471607,1749.562,1372.6125,-254.40797,1637.8044,1337.5715,-98.2829,1746.247,1365.5375,-235.21585,1644.8702,1334.5903,-80.8823,1742.8429,1361.7263,-186.08066,1645.008,1330.9987,-48.799274,1515.1375,1272.4089,-13.29636,1515.9025,1243.2194,13.231646,1398.5514,1265.2957,-386.69617,1395.262,1247.0015,-436.02304,1162.7183,1319.0061,-785.0257,1163.0233,1321.1007,-820.143,1120.0837,1323.5536,-835.2296,1117.609,1333.424,-868.64813,1123.759,1344.678,-999.6527,1128.961,1349.417,-1043.2837
IMG_20220729_193244480.jpg,situps_wrong,1678.3265,1106.7778,-224.56952,1705.6453,1082.542,-211.43686,1718.1798,1084.525,-211.28545,1730.6532,1086.1226,-211.32794,1676.7161,1075.7825,-168.16447,1669.2678,1073.2649,-168.2773,1662.8234,1071.0587,-168.40002,1759.2727,1099.0306,-60.324726,1669.7134,1083.3369,145.67805,1697.4891,1139.6208,-163.59732,1662.2189,1132.1395,-104.563484,1828.652,1271.683,-41.11689,1570.2505,1226.3326,393.5224,1784.7733,1445.1252,-477.59924,1401.4137,1357.5239,139.66539,1740.2201,1228.7572,-863.33405,1380.6259,1185.984,-462.958,1727.2521,1172.2484,-936.9041,1365.0419,1139.2917,-546.37555,1728.9866,1157.5942,-898.70325,1381.5095,1128.0767,-542.7701,1730.6011,1174.6687,-851.77124,1391.0232,1145.1119,-478.02628,1639.7932,1568.044,-195.5073,1515.5536,1506.8132,195.84346,1430.8737,1439.3512,-930.1189,1281.1616,1396.6002,-504.18677,1136.076,1682.6959,-1316.8395,1030.2974,1640.4333,-973.19995,1095.825,1753.8735,-1360.1047,1007.6217,1722.9576,-1029.302,998.35144,1671.1334,-1659.1078,898.67535,1587.5825,-1317.953
IMG_20220729_193246029.jpg,situps_wrong,2457.0012,1210.6249,172.01108,2483.9338,1190.0908,195.1238,2496.325,1192.2075,195.26384,2507.8997,1194.2035,195.2857,2455.49,1184.2078,236.35225,2448.5022,1182.0712,236.31012,2442.0193,1179.9814,236.1999,2531.8325,1206.7339,328.94666,2445.4539,1186.1119,527.01447,2469.657,1242.722,221.60628,2441.022,1234.1715,278.36432,2574.707,1370.5891,249.03708,2344.2114,1300.5546,706.82416,2507.6323,1513.4232,-147.3848,2170.7761,1402.4181,442.49506,2438.7563,1327.9357,-516.67334,2156.1992,1275.278,-122.98222,2406.5796,1286.2272,-599.4321,2144.257,1236.8115,-203.03885,2407.1746,1272.0228,-568.8096,2158.6519,1228.7101,-205.99399,2412.683,1284.733,-508.5481,2168.4802,1240.3768,-139.99802,2364.7007,1614.7802,-195.03136,2261.956,1545.9475,195.34549,2179.168,1469.9706,-816.389,2057.879,1424.5431,-408.32928,1889.9219,1660.4792,-1296.661,1796.4093,1572.4728,-938.77875,1843.8025,1718.966,-1352.5275,1777.3174,1628.1193,-1002.0792,1766.696,1619.7826,-1639.8226,1706.8875,1527.9789,-1263.9692
IMG_20220729_193247246.jpg,situps_wrong,1685.2339,1463.4531,-437.10373,1705.8647,1437.8876,-418.61346,1717.7914,1437.2451,-418.5434,1728.5675,1436.4011,-418.52283,1678.1166,1435.5194,-385.67224,1670.6654,1433.1255,-385.84393,1663.4469,1430.6881,-385.882,1755.763,1440.2046,-235.92105,1667.8314,1431.4977,-82.56705,1702.8231,1494.4958,-363.72913,1670.3618,1492.5868,-319.43536,1814.7021,1590.6129,-222.01582,1601.3358,1555.2784,205.92152,1779.7395,1785.0756,-547.14276,1437.6167,1682.739,73.1514,1664.4122,1651.9454,-946.5601,1392.398,1600.9257,-507.5115,1619.8906,1629.3394,-1034.2291,1370.7932,1575.0555,-596.6302,1620.7435,1604.6271,-1009.64996,1383.5544,1565.8597,-614.73145,1628.9382,1607.098,-938.8756,1393.9763,1573.7114,-530.79626,1655.6443,1902.2761,-178.79398,1549.1522,1852.1848,178.89655,1422.36,1826.3086,-731.88135,1314.0784,1780.9243,-304.13312,1198.8906,2067.668,-969.23016,1073.7097,1999.3134,-630.25684,1164.1888,2136.28,-993.82684,1056.7283,2074.8435,-668.26465,1055.9586,2045.2893,-1243.7296,949.02466,1953.8545,-889.4476
IMG_20220729_193248509.jpg,situps_wrong,2322.2583,1164.0962,-359.34326,2346.2754,1138.2079,-331.1229,2359.534,1137.446,-331.18246,2371.0273,1136.7411,-331.1777,2312.5894,1136.4574,-307.04025,2305.2769,1135.2213,-307.18387,2298.4402,1133.812,-307.25122,2392.1785,1142.9508,-138.88867,2300.853,1139.4143,-29.73543,2347.3215,1191.9537,-287.86316,2306.85,1190.5278,-255.87535,2452.097,1299.6268,-158.89832,2231.495,1258.264,200.87938,2417.8699,1481.8146,-373.1571,2100.4202,1396.7863,54.704742,2312.6191,1577.5343,-695.2154,2027.035,1455.8523,-473.6991,2294.189,1628.6057,-788.9641,1987.3591,1483.5481,-566.3951,2262.525,1599.8602,-821.90924,2007.1383,1469.8292,-613.14636,2262.2742,1583.5472,-712.6638,2031.9386,1467.8087,-507.20895,2287.3086,1596.8666,-153.99335,2192.0632,1548.342,154.24052,2094.5383,1495.6423,-742.1351,1974.7063,1450.8124,-324.60028,1839.6382,1709.8707,-933.7557,1755.5863,1661.3851,-600.87054,1811.1785,1778.1671,-953.6364,1738.5131,1735.968,-637.58514,1692.0299,1689.3002,-1196.933,1638.3367,1630.5408,-871.4331
IMG_20220729_192844301.jpg,situps_down,2408.452,1090.8944,892.085,2436.068,1086.1453,925.17725,2445.836,1092.9183,925.4016,2456.134,1100.827,925.3246,2418.0664,1072.494,979.6703,2414.423,1069.5149,980.05566,2411.2617,1067.0421,980.1261,2482.845,1126.8629,1051.058,2417.1191,1075.473,1309.0676,2408.4688,1122.5292,929.4319,2377.8843,1106.1803,1003.68964,2460.508,1240.3247,772.56665,2313.8245,1131.4415,1340.2548,2444.6768,1335.5886,203.91254,2147.573,1157.0065,1008.4351,2368.7065,1154.3237,-26.821516,2175.2576,1181.3292,485.2433,2343.6023,1101.5724,-122.30159,2179.5889,1202.658,404.5467,2364.6987,1114.0543,-32.65661,2200.1465,1185.5793,419.35934,2365.5325,1126.4501,6.350329,2199.8274,1181.04,475.67493,2143.8945,1255.7323,-249.38255,2038.6119,1197.7765,248.48589,2214.5505,961.13043,-578.06256,1848.2568,920.07715,14.725795,2052.942,1273.6802,-984.40173,1821.4382,1225.7554,-286.70255,2061.5134,1332.0377,-1027.878,1852.9312,1289.3337,-328.6442,1913.536,1349.8789,-1138.6989,1717.7039,1303.6019,-436.97205
IMG_20220729_192846396_HDR.jpg,situps_down,1726.789,1350.2683,1123.0773,1758.2307,1345.0342,1159.9836,1767.4735,1352.2632,1160.2158,1777.3118,1360.0243,1160.028,1741.1437,1329.7539,1220.4429,1737.8597,1326.0248,1220.7739,1734.5399,1322.8629,1220.8091,1805.0402,1384.3394,1273.7517,1745.7468,1338.2114,1558.0853,1728.1621,1390.6025,1150.919,1709.1388,1368.2382,1233.4167,1812.9926,1552.2915,960.7602,1610.7981,1431.3269,1497.9901,1720.1625,1629.6156,452.03452,1431.784,1459.6445,1169.3865,1656.7094,1445.3041,240.96103,1376.5778,1460.5616,696.21814,1647.0867,1412.2828,149.3732,1358.3065,1480.4418,618.8742,1656.9257,1408.209,212.65355,1377.1207,1469.4294,612.9258,1655.7123,1416.184,262.9742,1386.1199,1461.964,679.3755,1487.1455,1551.6348,-257.48438,1370.2292,1492.7454,256.19507,1477.4965,1206.643,-557.3628,1206.9026,1138.5226,66.77414,1325.0122,1516.1837,-980.80774,1133.006,1508.5967,-323.38586,1329.1349,1583.7334,-1027.0304,1153.8784,1569.1501,-374.21414,1176.9657,1574.8748,-1112.8737,995.6738,1609.1561,-471.92758
IMG_20220729_192848201.jpg,situps_down,1994.624,1603.0864,815.1807,2019.0527,1592.8337,822.53656,2028.7115,1597.6696,822.95404,2040.8685,1604.0774,822.99646,2003.4457,1583.2133,878.9528,1999.8246,1581.1096,879.16876,1996.2106,1579.0519,879.23126,2071.6958,1634.287,872.4825,2005.343,1595.1421,1141.2728,1997.1019,1640.8627,827.2522,1974.713,1625.21,904.3009,2062.0806,1792.7941,636.80615,1919.4995,1669.3818,1176.5513,1983.9863,1913.5345,293.15662,1751.7432,1668.8148,777.1475,1899.088,1717.3181,240.36853,1825.8328,1650.8608,234.66312,1857.5092,1678.1364,178.38339,1846.8563,1653.5352,155.46448,1889.2953,1655.8663,242.01749,1858.6261,1636.1278,188.9604,1895.7837,1671.6356,270.06702,1850.253,1645.0284,230.7719,1728.7692,1855.7253,-227.45825,1687.1208,1782.558,226.32617,1707.414,1533.0743,-456.80945,1597.7113,1428.592,112.58134,1487.3708,1804.4006,-779.2032,1479.6035,1742.5498,-158.26358,1490.7179,1862.5851,-813.05237,1491.5284,1813.995,-198.71503,1312.0898,1860.8431,-896.3287,1344.2124,1798.2072,-294.79028
IMG_20220729_192849931_HDR.jpg,situps_down,1603.9908,2009.9104,994.8405,1629.1517,1992.3038,1032.3022,1641.0831,1995.706,1032.7676,1654.5071,1999.4857,1032.8811,1605.4745,1986.3188,1082.7189,1600.1973,1984.8608,1082.9584,1595.2252,1983.8098,1083.0228,1684.6647,2017.6707,1168.5165,1600.2833,1996.4094,1418.5662,1615.9666,2048.6812,1033.1737,1589.105,2036.2151,1104.147,1709.313,2180.0586,938.2809,1499.1494,2095.5342,1390.2542,1626.3024,2333.151,532.0392,1318.9292,2177.1929,981.1845,1536.8912,2151.057,416.47653,1422.7264,2100.967,480.76477,1511.8094,2106.9963,365.76218,1468.6167,2086.3523,396.206,1523.2874,2098.004,433.87222,1487.0653,2075.2734,439.48727,1535.6945,2113.0703,446.66904,1470.9155,2081.9958,481.9116,1386.1248,2339.4282,-216.03862,1305.5953,2269.4587,215.10487,1250.1586,2004.1056,-564.55005,1084.0776,1976.8636,-5.6686034,1131.0769,2404.5164,-1048.0752,1047.8981,2378.4492,-430.4339,1162.1765,2480.6443,-1102.5527,1084.819,2447.0244,-490.777,978.0488,2531.03,-1236.8711,929.1045,2516.0674,-640.5575
IMG_20220729_192851406.jpg,situps_down,1868.2352,1954.0851,1206.8412,1896.5254,1951.1854,1223.689,1901.0371,1954.9077,1223.9899,1906.2388,1959.0137,1224.0962,1888.5455,1945.6825,1285.0542,1887.048,1945.8223,1285.2289,1885.7152,1946.1906,1285.1182,1918.6525,1996.8274,1219.7651,1889.1045,1978.4625,1501.9244,1860.8066,1974.4497,1186.0839,1850.9639,1970.4926,1267.3243,1913.9326,2093.661,854.57074,1737.729,2037.6985,1449.04,1779.6251,2063.6409,595.9948,1560.109,2041.6965,1107.1858,1738.1696,1984.0764,578.9359,1674.5183,2050.6138,594.0749,1721.4053,1973.9204,541.29974,1709.2974,2070.9685,510.1422,1725.6437,1973.1494,554.6551,1733.2789,2048.9731,559.3383,1731.6099,1980.2052,589.7391,1724.944,2044.9807,597.6688,1620.5042,2218.655,-225.71158,1514.2437,2179.7122,224.37354,1456.7231,1964.3489,-682.8358,1295.6874,1938.8474,-53.424446,1365.8766,2322.8923,-1136.7767,1276.5946,2287.055,-513.4449,1403.3123,2393.8242,-1195.2767,1306.6027,2325.0955,-582.1376,1246.2744,2445.9482,-1334.0258,1178.2949,2397.9116,-716.79095
IMG_20220729_192852605.jpg,situps_down,2367.4426,1869.0745,885.1509,2392.002,1870.871,873.33124,2394.24,1873.7458,873.6607,2396.6814,1876.8657,873.8013,2389.8926,1867.1223,940.1812,2390.4153,1867.4905,940.2865,2390.97,1868.242,940.32886,2405.894,1905.719,800.6164,2395.5757,1900.5718,1101.8676,2354.056,1884.4777,851.0556,2349.2908,1882.873,937.9657,2390.702,1986.9294,515.20154,2287.3787,1944.5394,1185.7478,2262.7705,1911.2767,356.6222,2161.732,1872.6395,931.85736,2289.156,1872.1254,505.5794,2279.433,1890.7178,563.42334,2301.7441,1862.8208,492.55914,2332.2598,1907.5773,529.668,2303.1218,1882.2208,513.73413,2341.5935,1894.9126,587.22736,2297.0454,1887.0417,520.07623,2324.9097,1888.561,573.1757,2122.1956,2056.919,-246.51357,2050.7495,2032.3337,245.94386,1980.1687,1825.0988,-395.20993,1859.8131,1829.6068,93.3949,1885.6736,2048.8955,-818.0967,1800.9048,2087.336,-314.0829,1897.621,2094.6667,-872.70746,1828.2574,2135.72,-370.79398,1759.7609,2083.9712,-955.93146,1702.1357,2147.7654,-470.273
IMG_20220729_192922092.jpg,situps_down,1436.734,1325.3932,87.663994,1405.5626,1344.5757,127.821625,1405.5911,1347.6328,127.80119,1405.4465,1350.5529,127.75567,1405.7632,1350.5393,-18.442665,1405.9343,1357.4761,-18.689697,1405.7643,1364.49,-18.812534,1419.134,1394.449,386.2517,1421.1436,1411.3839,-258.4781,1474.1788,1338.5927,196.56406,1473.0382,1347.0513,9.919578,1648.5354,1423.4463,801.1086,1642.6265,1472.5114,-627.84015,1924.6019,1414.4427,558.6711,1935.5836,1422.6698,-444.06122,1771.836,1319.8379,-274.9065,1718.4353,1296.8276,526.8303,1723.3114,1303.063,-358.5644,1673.967,1279.1589,594.9964,1708.8561,1324.7399,-331.05176,1647.7871,1299.6875,581.8705,1713.0762,1336.9008,-298.5893,1656.0504,1310.8776,561.2002,2208.0437,1440.6094,490.93106,2235.4438,1480.0918,-491.66876,2427.9094,1104.7384,675.1777,2467.021,1108.072,-550.1503,2554.039,1475.1713,874.29724,2586.724,1502.3422,-215.88142,2510.2053,1546.0142,893.96967,2547.0725,1563.4421,-158.68903,2728.9985,1545.8538,988.6119,2781.3206,1580.3237,29.144547
IMG_20220729_192923866.jpg,situps_down,1277.4404,1038.4202,115.43891,1234.5824,1051.2079,156.37956,1233.4186,1054.4218,156.29541,1232.4303,1058.1992,156.21614,1234.2025,1056.0636,20.844917,1232.4875,1062.8011,20.60397,1230.5449,1070.7587,20.468496,1239.4274,1115.1533,415.44516,1236.2317,1127.3391,-178.48463,1315.3693,1065.5011,224.07301,1312.3093,1071.0559,52.02637,1475.4045,1203.4219,815.8674,1449.5948,1241.7874,-523.1386,1748.1276,1251.3079,565.65936,1757.2743,1270.5056,-356.62485,1627.9575,1079.117,-258.77176,1592.609,1067.1196,559.2052,1608.4027,1041.5518,-336.7692,1573.9213,1030.4617,631.4153,1578.2277,1048.8011,-311.06195,1539.0404,1033.368,635.16766,1589.354,1073.1107,-281.3776,1545.7048,1049.313,599.36194,2046.7336,1358.8528,454.39505,2063.567,1403.0374,-454.63715,2428.8381,1049.9615,496.25027,2449.6155,1068.7544,-510.04837,2397.3694,1470.6779,762.47174,2407.882,1514.6324,-152.86261,2331.4421,1548.2527,792.7273,2348.7703,1577.0817,-92.375046,2549.4856,1601.7928,904.5827,2584.6677,1655.6989,115.22919
IMG_20220729_192925520.jpg,situps_down,1601.098,1286.0593,105.311195,1570.1823,1268.0801,143.69221,1569.0074,1267.8218,143.60602,1567.4386,1267.8925,143.44041,1563.3507,1275.0338,28.337317,1556.8538,1280.1842,28.322037,1549.0402,1286.0264,28.223808,1537.7625,1311.993,351.77847,1512.0769,1336.3458,-176.52383,1625.138,1317.042,185.88118,1616.2002,1326.7422,32.831173,1660.3469,1422.7571,591.04846,1616.0731,1524.5043,-422.79028,1619.2091,1228.4539,1154.9636,1606.8191,1374.3998,-742.0463,1494.9019,1281.6012,1498.6566,1458.9651,1357.3839,-492.0778,1457.9847,1287.4083,1554.4391,1434.6726,1356.329,-512.6907,1466.1342,1311.0972,1572.1119,1452.2494,1379.2709,-500.57684,1477.5531,1306.6942,1502.2904,1461.2177,1379.3013,-483.1703,2166.8132,1485.8158,401.26944,2191.915,1555.409,-400.7762,2416.1184,1134.3398,407.10782,2453.7305,1157.3429,-546.855,2513.5586,1493.6145,570.14764,2565.2678,1532.1888,-235.56984,2480.5242,1578.0394,587.24316,2517.4578,1613.7517,-178.01894,2692.3716,1580.1443,598.46686,2746.3062,1619.4205,-48.6277
IMG_20220729_192926908.jpg,situps_down,1145.4752,1523.2886,80.22991,1119.3118,1500.2819,119.37366,1118.023,1499.5983,119.26865,1116.3131,1499.3214,119.09844,1110.7681,1507.2972,0.25638816,1102.7993,1511.4424,0.21163215,1093.852,1516.1455,0.07667697,1079.5349,1536.5588,341.52222,1046.5354,1558.0369,-207.25395,1161.0503,1556.2318,166.0882,1151.1561,1565.1906,7.423875,1180.9456,1663.8391,592.924,1101.977,1765.2563,-446.73645,1212.1729,1443.0016,1092.7399,1135.1582,1579.0825,-810.4296,1055.7339,1495.1307,1355.0704,996.1866,1573.0785,-601.56885,1008.13794,1503.5426,1391.2887,961.3614,1566.7084,-629.9792,983.91046,1532.7053,1427.6254,977.8392,1594.1589,-630.98785,1030.499,1526.9529,1363.9323,990.1623,1592.0737,-599.096,1670.217,1846.7377,405.93088,1664.3182,1926.4868,-405.7429,2012.7208,1553.3905,389.30106,2034.2256,1587.5724,-519.7688,2012.2068,1959.6119,555.5797,2035.8035,1999.4772,-187.62271,1958.929,2031.9669,572.1832,1971.7651,2065.5393,-132.0194,2169.2349,2084.016,563.1127,2206.8325,2128.0752,-24.96311
IMG_20220729_192929548.jpg,situps_down,2022.6268,1511.6968,195.50018,1995.6332,1499.2208,248.6174,1994.678,1498.6488,248.52614,1993.2616,1498.3442,248.60104,1988.2667,1509.3119,144.82013,1982.0096,1516.3241,144.67404,1974.5767,1524.3777,144.72258,1968.3197,1540.6783,518.7241,1946.8079,1572.0886,59.98928,2041.8422,1536.4088,299.68637,2033.43,1547.7571,166.50533,2116.1929,1622.5786,792.19415,2078.2878,1748.0321,-173.80794,2364.7004,1576.5276,482.35184,2372.2578,1715.8271,-88.51782,2182.4612,1585.5056,-349.70035,2195.483,1616.113,368.89282,2139.8416,1590.35,-465.9559,2143.7341,1599.109,385.39392,2120.2808,1600.7491,-421.54,2126.0051,1620.0927,366.704,2126.028,1604.103,-361.8989,2143.0813,1630.2389,383.59525,2530.8872,1705.322,384.09973,2547.8923,1793.2511,-383.5594,2770.3613,1368.6738,315.96527,2778.104,1414.1769,-483.30203,2868.385,1728.1108,520.3521,2899.4575,1785.2645,-218.58806,2845.0798,1795.4434,535.59644,2865.3535,1860.4138,-177.7054,3048.5142,1788.3818,496.66772,3079.128,1839.566,-125.3255
IMG_20220729_192930965_HDR.jpg,situps_down,1378.9711,2160.6726,108.31684,1349.8055,2148.264,164.87708,1349.6088,2147.4692,164.70422,1348.8914,2146.7498,164.71872,1342.4667,2159.7856,64.78497,1336.613,2167.8757,64.648315,1329.1902,2177.1458,64.696,1325.8136,2186.686,459.92657,1302.4171,2225.5864,15.634754,1399.9493,2183.693,221.61899,1390.0391,2196.6768,92.49112,1485.389,2267.58,751.6853,1448.1615,2402.5256,-188.29588,1743.1705,2218.354,461.15622,1743.1147,2358.462,-145.60645,1555.3201,2229.583,-354.25122,1562.0647,2255.2676,193.91931,1510.4778,2235.9282,-470.88303,1505.3748,2239.081,191.47736,1490.92,2242.7207,-432.43518,1490.1184,2264.1152,175.43076,1497.4039,2245.6733,-367.28934,1503.7375,2273.6716,205.7694,1905.4735,2347.6248,381.7125,1927.7593,2443.5254,-381.12375,2140.0015,2013.793,321.86057,2157.5962,2070.4014,-533.241,2248.0159,2371.4512,566.8467,2278.756,2439.57,-234.4878,2216.395,2431.6719,585.0633,2239.9292,2508.9768,-192.74347,2415.4038,2426.7373,534.85706,2454.5186,2498.229,-160.92091
IMG_20220729_192941436.jpg,situps_down,1651.8423,1301.2777,-1286.3457,1592.4456,1338.3518,-1248.3037,1580.2705,1340.5563,-1248.6006,1567.4736,1342.8617,-1248.8336,1629.3545,1349.5089,-1351.4043,1643.5928,1362.123,-1351.8646,1659.8364,1378.6877,-1351.8907,1592.2787,1378.3381,-915.6158,1714.9143,1458.7439,-1360.024,1677.1196,1287.787,-1138.9287,1703.0869,1307.807,-1268.351,1699.5604,1373.7747,-440.0948,2007.5659,1416.4828,-1278.3947,1795.5618,1178.6848,-324.55347,2178.6494,1143.9338,-904.65564,1832.3787,1208.1357,-723.7231,1925.9193,1186.6385,-206.71628,1844.739,1216.0198,-761.7849,1899.689,1182.4329,-188.56044,1832.8269,1251.5619,-777.667,1891.607,1244.4937,-212.3157,1848.7216,1246.052,-733.7995,1882.5358,1251.949,-191.85976,2150.4983,1300.0938,314.5394,2296.1594,1358.9178,-313.9747,2209.589,914.35077,295.2858,2424.6692,972.75006,-552.7422,2330.1057,1232.8297,1178.4259,2471.8008,1303.8094,319.38095,2313.9944,1291.5035,1281.204,2452.3518,1384.0375,424.85483,2455.9219,1248.6394,1421.6587,2593.158,1337.028,558.5029
IMG_20220729_192942994.jpg,situps_down,753.761,1284.1671,-1333.2386,698.35486,1317.9856,-1272.0769,688.4479,1318.237,-1272.5023,678.3768,1319.157,-1272.8485,727.1862,1337.4791,-1395.3453,739.9673,1353.9053,-1395.8983,754.9064,1374.3103,-1395.779,709.0759,1368.1959,-881.82904,821.87854,1462.7786,-1411.8171,789.02747,1271.7742,-1169.8843,817.19495,1299.1382,-1323.8794,869.62524,1313.5425,-418.26407,1200.6027,1456.5529,-1376.2533,1015.7252,1097.6611,-409.12866,1442.8779,1138.2865,-1006.0063,1103.9834,1171.5404,-978.7214,1157.0972,1170.5245,-250.9771,1132.2819,1199.7002,-1046.741,1149.1173,1131.9395,-241.17784,1077.898,1229.2719,-1049.4518,1101.8921,1202.3696,-264.58786,1069.283,1225.8369,-986.4299,1109.2764,1212.2826,-234.29745,1384.1237,1265.338,364.79184,1546.3994,1377.6376,-364.04382,1556.2677,810.9567,254.19371,1684.5807,946.7443,-717.0647,1613.8634,1209.0944,1281.277,1733.8795,1332.5562,309.96994,1576.5531,1280.2465,1407.1466,1703.0543,1404.1055,436.253,1777.0604,1297.519,1609.3174,1862.6038,1382.1912,645.07336
IMG_20220729_192944245.jpg,situps_down,794.9956,1834.2642,-832.09454,740.6024,1829.7201,-827.97406,735.1918,1829.7432,-827.9504,731.44495,1830.6095,-827.7933,752.61304,1842.0413,-933.2524,757.40155,1854.1439,-933.7786,764.9271,1860.118,-933.82446,748.8027,1895.648,-647.7736,787.3446,1941.4509,-1115.8811,832.22375,1868.5509,-739.3678,838.9698,1877.5109,-876.639,835.07214,1989.4413,-290.9101,1059.101,2108.6064,-1092.1581,1053.2959,1873.433,-531.25867,1379.7563,1993.8947,-701.0101,925.97546,1862.7986,-1321.9109,1099.2314,1901.1509,60.483265,898.2558,1837.1406,-1401.2866,1029.5878,1865.9043,118.19684,890.13184,1846.0962,-1369.3972,1012.34546,1888.5802,130.14792,908.4005,1863.7621,-1324.404,1024.2694,1902.3705,98.51553,1268.8662,1953.8016,315.79727,1377.3927,2006.3649,-314.80087,1436.914,1600.1217,293.76328,1653.0928,1569.8582,-561.9305,1488.8038,1885.8826,1112.6335,1605.9269,1924.367,328.88278,1459.9023,1925.9619,1199.5134,1580.7006,1984.9147,437.0657,1593.4884,1943.2177,1351.9324,1697.5758,1950.6902,675.89264
IMG_20220729_192945538.jpg,situps_down,1922.4531,1552.21,-663.01953,1889.7657,1549.9506,-685.5079,1884.0537,1553.2438,-685.4502,1877.8668,1557.9274,-685.42303,1900.2323,1553.0067,-773.76215,1902.5516,1557.8259,-774.16943,1905.4867,1564.6133,-774.1282,1852.9348,1617.1279,-619.7604,1899.5509,1619.6279,-1015.0657,1939.7892,1584.0997,-611.3835,1949.1699,1588.7688,-727.63135,1851.0355,1774.4354,-328.51257,2070.3743,1815.8065,-1020.4841,2049.8086,1661.4767,-248.11896,2396.5789,1795.9869,-579.08514,2037.1626,1614.3896,-602.8744,2208.0083,1687.3909,112.02471,2037.0253,1609.0878,-635.0049,2178.3577,1636.4629,146.02016,2018.4617,1616.9414,-654.82117,2130.9714,1666.079,138.58026,2015.6145,1623.3997,-613.6835,2131.962,1682.9095,135.18504,2250.5002,1749.6285,264.06235,2367.421,1748.0521,-263.04205,2324.6243,1372.7772,438.2371,2552.2886,1323.5481,-376.6209,2461.655,1576.2533,944.75903,2528.7944,1579.1931,308.81268,2457.163,1624.977,1002.3655,2529.6694,1604.4171,404.58868,2553.3462,1590.2699,1136.9264,2601.5967,1607.0067,673.7282
IMG_20220729_192946875_HDR.jpg,situps_down,1378.5444,2772.8838,-1681.1698,1338.9769,2771.915,-1697.0524,1331.7379,2771.0928,-1696.958,1324.7603,2771.0532,-1697.3315,1352.8898,2785.1553,-1778.8705,1356.0847,2794.3545,-1779.464,1358.3247,2802.6729,-1779.5166,1310.0797,2820.5562,-1389.596,1364.1384,2886.8152,-1748.2542,1394.0299,2786.156,-1520.1028,1404.6143,2801.3303,-1625.7211,1288.9437,2869.185,-992.7981,1552.5817,3083.1536,-1548.321,1134.817,2660.3752,-1379.745,1743.9358,2909.3784,-2075.1753,1190.2751,2896.169,-2059.3857,1387.8956,2990.5825,-2589.61,1191.2585,2942.5251,-2195.7861,1304.2844,3016.2598,-2746.5261,1209.7078,2952.395,-2131.479,1305.1969,3026.5525,-2700.3667,1218.4272,2941.035,-2051.6948,1324.6733,3018.1313,-2579.8127,1714.6509,2661.573,221.17703,1888.6376,2786.0295,-221.00859,1814.7471,2206.8462,76.83833,2047.7489,2254.013,-394.13855,1898.0417,2605.7344,1281.2987,2047.0592,2573.4932,775.66077,1851.8468,2683.4434,1435.0001,2039.4215,2653.9211,927.511,2028.8129,2671.4375,1667.3092,2158.0073,2547.7065,1216.9783
IMG_20220729_192948578.jpg,situps_down,1675.2183,2087.0408,-1260.2432,1644.2356,2093.8013,-1275.1315,1637.988,2094.5156,-1275.2936,1631.8948,2095.6985,-1275.6847,1656.6656,2102.2737,-1360.7921,1658.1405,2106.7048,-1361.2584,1659.8184,2111.9238,-1361.3463,1621.3822,2138.4243,-1070.9751,1666.1768,2179.851,-1448.948,1690.6901,2099.8481,-1147.4513,1702.8219,2107.153,-1257.7024,1639.0953,2222.2957,-773.3798,1858.2686,2351.8745,-1329.6837,1577.8698,2068.2603,-1068.1364,1940.0294,2162.7937,-1621.0425,1508.8784,2207.8938,-1682.8326,1698.8373,2287.5837,-1847.2887,1507.5524,2244.0388,-1808.4865,1616.8741,2307.347,-1973.7981,1526.6693,2259.3188,-1768.7867,1617.6409,2317.2373,-1948.0238,1540.2524,2250.5159,-1685.6053,1640.4402,2309.0605,-1840.8673,2021.7823,2052.8206,209.44508,2167.8967,2114.0542,-208.65834,2101.8472,1636.1094,187.20786,2321.4836,1689.6874,-291.28098,2186.4336,1977.4551,1117.5535,2300.2686,1969.8926,725.9298,2156.2158,2033.5225,1235.7219,2284.8623,2029.5719,855.24774,2294.5762,2038.08,1421.4847,2378.5132,1959.6396,1104.2981
IMG_20220729_192959737_HDR.jpg,situps_up,2019.6133,993.5606,-293.0818,1996.3118,960.4186,-327.96054,1982.9951,959.323,-328.0511,1970.6504,958.9614,-328.13773,2030.309,963.9782,-389.9261,2038.3684,964.69617,-390.12964,2045.8834,965.18414,-390.22128,1952.2731,974.99084,-347.93137,2042.8624,979.56525,-625.10156,1995.7606,1019.5888,-275.43823,2029.5422,1023.7388,-355.06522,1837.4281,1144.2483,-61.064617,2098.866,1191.7466,-781.1272,1973.8826,1296.2491,321.4151,2219.9338,1362.6259,-402.8646,2070.0369,1292.2631,324.61884,2190.1,1313.8872,278.39423,2080.605,1292.0867,299.91943,2207.3054,1305.7654,245.68668,2110.0164,1281.0592,228.23476,2184.0444,1278.5361,225.72766,2096.72,1284.4875,288.71152,2169.0771,1282.6709,280.71683,1876.4292,1555.5798,259.06357,2015.9531,1579.2185,-260.25104,1978.439,1302.1093,1287.329,2165.5396,1334.7468,469.31384,2070.562,1483.4135,2225.4443,2118.7249,1507.3934,1749.2985,2066.746,1524.4835,2328.8835,2114.2603,1529.6543,1898.7407,2134.6514,1475.9438,2445.502,2184.0005,1502.8132,2100.067
IMG_20220729_193001414.jpg,situps_up,1332.0146,846.47595,-212.24152,1309.4136,811.93365,-252.2156,1295.0924,810.0221,-252.35118,1280.1516,808.2366,-252.4483,1337.5814,815.54297,-318.4238,1343.1594,816.34326,-318.63284,1348.4536,817.2531,-318.74625,1254.1345,824.7553,-294.76538,1339.073,833.38275,-594.6446,1309.2196,877.8279,-201.41891,1334.6914,882.98706,-287.4794,1146.7333,1009.4492,26.984575,1394.1807,1072.8038,-780.74884,1302.2263,1152.0358,485.21402,1533.8035,1255.7738,-407.9112,1396.5576,1108.7031,641.3816,1522.0183,1203.7765,299.81467,1399.1304,1100.7981,649.1444,1546.7491,1197.5166,278.06107,1413.2903,1084.1769,582.91486,1520.5056,1163.5742,255.18799,1420.9264,1091.0955,612.8808,1502.0464,1167.3837,302.23584,1179.7786,1466.9829,278.96024,1347.1052,1484.272,-279.5729,1310.1129,1185.3633,1365.0016,1512.5009,1261.6925,454.84354,1393.4235,1407.6239,2316.1228,1503.7435,1450.7794,1775.2518,1377.9849,1462.0527,2420.634,1491.3741,1498.4072,1929.5708,1479.605,1389.2054,2542.115,1555.8579,1431.0751,2138.885
IMG_20220729_193003204.jpg,situps_up,1422.6542,1102.5933,-371.79468,1403.472,1076.5555,-437.717,1393.7445,1075.2638,-437.81482,1385.2257,1074.549,-437.64935,1425.8514,1082.014,-496.3085,1432.3931,1083.6575,-496.05188,1437.316,1085.3605,-495.79904,1338.8677,1104.9061,-490.58484,1417.6443,1107.8552,-758.51904,1401.4222,1133.5237,-353.60287,1432.1024,1131.993,-430.5028,1205.0883,1241.0172,-356.82236,1484.1674,1288.2233,-857.7868,1212.9545,1130.0903,-425.50082,1644.2195,1164.5211,-1246.222,1255.7756,1114.509,-823.3039,1430.1124,1141.8226,-1812.3157,1270.6659,1117.6478,-990.1084,1421.6166,1159.0681,-2072.1665,1294.2915,1133.5359,-1049.7091,1369.2806,1142.6879,-2096.335,1286.2021,1138.254,-869.3755,1383.6008,1149.3583,-1852.3811,1292.2433,1644.1523,208.6797,1468.2025,1649.5865,-209.5457,1324.3895,1325.6091,1286.9249,1602.8073,1390.7355,688.2082,1388.2662,1492.39,2420.9607,1608.6384,1584.6508,2013.0653,1386.8333,1533.04,2543.8232,1592.7404,1643.3126,2156.1133,1436.2893,1470.8428,2685.3176,1649.9619,1545.3378,2325.8347
IMG_20220729_193004533.jpg,situps_up,2071.237,1188.9891,-173.71426,2062.1926,1165.6469,-226.01726,2053.385,1164.8683,-226.3084,2044.626,1164.17,-226.24919,2080.7913,1168.7418,-269.1777,2086.7144,1169.8202,-269.00058,2091.859,1170.9673,-268.9079,2012.3927,1191.1323,-284.01093,2089.163,1190.5579,-483.67554,2058.9885,1216.5394,-167.41125,2079.694,1215.4021,-223.82443,1891.8068,1321.5219,-222.22084,2150.0386,1351.1199,-599.1614,1875.3623,1196.0099,-442.83112,2307.562,1244.8994,-924.3562,1955.5054,1199.8898,-972.344,2108.8215,1237.0845,-1309.9229,1992.3309,1207.31,-1128.6947,2067.7598,1228.498,-1490.6803,1996.6584,1234.1154,-1173.8741,2058.4739,1244.1067,-1512.3833,1989.609,1237.7104,-1012.8981,2071.0444,1251.6184,-1338.5172,1980.9138,1685.3754,178.67377,2113.6863,1693.5409,-179.15459,2103.102,1389.4329,902.74835,2248.4695,1431.9083,415.6086,2170.481,1571.9946,1750.2192,2264.7256,1612.5126,1415.921,2168.8674,1619.0828,1840.5863,2253.409,1664.495,1520.0258,2227.9702,1543.7664,1937.9589,2295.2722,1559.7333,1625.6383
IMG_20220729_193005625.jpg,situps_up,1647.0198,1876.1827,-323.74872,1637.0571,1850.6034,-416.30777,1629.0574,1848.4865,-416.42252,1621.1552,1846.7874,-416.3074,1658.9193,1858.6573,-451.03452,1666.0867,1860.9694,-450.89145,1672.7357,1863.302,-450.64423,1581.544,1869.0056,-569.9715,1667.5576,1886.1008,-730.0222,1632.1633,1897.8551,-339.8602,1657.5453,1902.5371,-386.3139,1463.2831,1983.4723,-469.98172,1712.275,2049.9685,-815.37115,1465.6093,1880.9126,-307.70837,1858.2555,1952.706,-1074.612,1514.8269,1863.4092,-420.65695,1669.463,1901.4614,-1526.4326,1534.2084,1852.4633,-533.8017,1631.3077,1884.9583,-1740.3213,1544.5592,1870.3447,-597.88257,1612.418,1897.9042,-1755.2412,1536.6926,1881.039,-455.62518,1622.8636,1905.3495,-1557.2054,1534.3284,2340.62,175.54108,1683.3345,2353.9333,-175.77536,1652.8577,2075.6602,1078.2188,1788.8511,2140.1262,645.9658,1743.4171,2230.5154,2076.549,1827.8804,2267.8308,1763.5137,1751.1935,2265.6401,2183.5435,1813.9182,2308.885,1882.0781,1798.5192,2208.5498,2306.6052,1865.5878,2221.2812,2013.9913
IMG_20220729_193006964_HDR.jpg,situps_up,2286.4824,1646.4568,-354.02728,2271.7996,1621.4615,-391.94455,2262.0728,1620.3221,-392.0278,2252.5703,1619.5479,-392.2008,2297.404,1626.7156,-434.24182,2304.7563,1628.6251,-434.5106,2311.4836,1630.4722,-434.48013,2234.257,1635.0018,-425.72955,2317.8123,1644.9058,-617.00433,2272.6216,1669.8685,-343.09198,2297.5923,1673.6105,-398.1769,2130.7554,1776.0568,-207.64879,2344.9019,1834.4467,-685.9364,2178.8904,1885.6562,109.47087,2432.3027,1979.0967,-344.80096,2222.7183,1822.7484,283.91965,2478.6404,1883.3374,242.15352,2222.4895,1813.223,278.96573,2498.2874,1859.585,238.34161,2233.3665,1797.3229,230.33873,2488.3184,1848.8893,225.58888,2238.8962,1802.1599,265.5444,2468.5828,1848.9541,248.03271,2216.789,2120.5674,210.37137,2345.1016,2142.945,-210.9668,2362.646,1857.678,876.96155,2467.8232,1869.7683,246.69551,2476.0864,1980.9519,1571.0323,2501.3992,2022.3422,1250.9745,2479.602,2017.9478,1650.3691,2499.2947,2065.1233,1369.409,2537.7188,1954.6285,1728.3732,2547.402,1972.017,1540.8342
IMG_20220729_193011864.jpg,situps_up,2395.613,369.64954,-23.576664,2381.214,323.0161,30.536963,2377.1365,321.41858,30.545626,2371.5532,319.53827,30.736197,2371.3186,324.0157,-139.65627,2361.3286,323.12982,-139.76389,2349.0046,321.75504,-139.53929,2294.427,330.95868,363.25452,2274.3484,332.03064,-401.72232,2367.3604,414.42184,110.918434,2355.8687,412.57086,-111.15154,2211.939,564.1062,823.523,2185.6665,612.3317,-781.87933,2392.0056,883.83777,414.43283,2435.8906,943.79065,-559.6473,2367.7761,690.4374,-706.30273,2399.0261,718.8057,451.2455,2350.686,625.64844,-835.0464,2391.3696,649.9857,492.74213,2327.2744,597.37616,-781.41437,2358.9006,635.68695,462.4798,2323.1145,609.87225,-726.30194,2357.6836,661.0436,478.0588,2321.398,1149.0148,566.9793,2321.9045,1226.7899,-568.1176,2709.9912,751.798,588.63495,2730.7085,737.71735,-720.1546,2899.946,1172.9171,680.05634,2979.0671,1222.3876,-495.52536,2875.3367,1285.8506,673.6582,2947.4736,1323.9226,-455.629,3110.0195,1217.8594,547.6999,3241.5916,1277.967,-459.34433
IMG_20220729_193013479.jpg,situps_up,1699.0138,918.0163,-24.890835,1687.2211,866.76245,28.844023,1684.2518,865.514,28.848099,1680.1018,863.6272,29.054873,1676.582,865.654,-134.11604,1666.8026,863.9774,-134.32597,1655.567,861.7225,-134.19853,1597.2529,876.3517,367.25735,1581.2268,872.92645,-360.98608,1675.2269,970.088,110.2657,1659.3779,967.05145,-101.29098,1548.2451,1146.991,818.51196,1453.5936,1184.0712,-711.8359,1734.5251,1471.1848,364.2045,1705.7195,1537.8833,-491.94662,1681.0133,1275.3608,-798.11774,1666.2512,1283.4117,502.35876,1664.4242,1202.9409,-921.57574,1657.2976,1197.2804,568.9505,1639.845,1187.4447,-828.45355,1633.8209,1195.5802,532.5451,1635.11,1215.0454,-800.1521,1629.6522,1226.6632,529.22577,1617.333,1724.8069,552.9906,1578.3452,1818.7471,-554.32935,2013.8563,1350.7953,480.4121,2024.0477,1365.2924,-814.41095,2178.995,1820.8092,485.4245,2245.7263,1897.8921,-680.6866,2146.4429,1934.6511,473.28043,2208.2456,1995.6512,-650.8461,2367.6743,1901.1971,316.3884,2508.8745,1953.8005,-704.5942
IMG_20220729_193015458.jpg,situps_up,2078.887,949.4018,-205.90291,2051.9788,890.61194,-171.57501,2045.3229,888.10657,-171.84032,2038.7478,885.86365,-171.87721,2052.1008,894.1305,-319.78256,2044.0681,893.6891,-319.75854,2046.1578,875.47534,-319.54865,1998.0474,883.2062,104.04302,1993.6893,889.7581,-581.5014,2077.783,992.0024,-92.922066,2073.4905,994.27734,-290.29276,1925.6205,1094.6896,542.2155,1911.7521,1112.0044,-939.06104,2150.2,923.74,975.40283,2183.765,943.26575,-1474.1581,1947.9703,896.791,1122.241,1942.9166,898.3762,-1518.4067,1884.0403,883.1079,1142.0885,1881.0365,886.45026,-1666.4232,1863.6182,903.7116,1105.9279,1866.8263,901.57117,-1694.9761,1881.2773,931.6122,1092.9303,1878.2351,925.3267,-1537.3951,2092.0227,1656.681,549.7224,2077.7585,1753.7384,-549.54895,2415.2053,1253.8069,497.14233,2440.7737,1277.672,-780.3514,2685.3896,1702.0381,533.5882,2723.648,1770.9069,-390.05243,2653.4917,1798.6776,530.33905,2696.3376,1869.3164,-336.46335,2920.3787,1722.3717,449.98758,2977.4846,1794.3608,-335.53796
IMG_20220729_193016882.jpg,situps_up,1327.0619,1418.6997,-13.514973,1290.5159,1358.9192,26.507378,1285.2562,1358.9785,26.295639,1279.2231,1359.6971,26.196445,1287.5831,1359.9484,-112.771805,1280.7637,1360.729,-112.80495,1273.2078,1362.2151,-112.81083,1212.0552,1397.0417,277.1827,1200.573,1405.4838,-359.87473,1312.7417,1477.0688,85.96299,1304.3894,1483.8754,-96.92492,1177.4202,1627.3998,632.1624,1134.295,1669.332,-643.5899,1411.3789,1389.9664,1118.7147,1353.0397,1519.4025,-562.91724,1240.6964,1339.4353,1314.1526,1149.3436,1421.9241,285.37616,1190.7781,1341.6129,1329.2349,1097.0198,1397.6088,309.26837,1172.8899,1354.7599,1348.9897,1054.4604,1417.5983,232.19049,1192.8591,1359.0698,1305.0115,1094.7483,1450.7844,274.29446,1366.6453,2156.8188,481.08463,1348.4453,2252.3857,-481.47388,1647.6951,1729.8248,301.03796,1659.608,1750.5844,-660.272,1941.0966,2163.3577,200.48895,1978.706,2225.0723,-463.418,1933.418,2264.6262,188.16895,1963.8911,2323.696,-420.0102,2172.6658,2171.738,102.97059,2229.2815,2234.3513,-400.5086
IMG_20220729_193018931.jpg,situps_up,1646.18,1970.7737,-473.15125,1625.6202,1936.6409,-435.23056,1622.4811,1935.4934,-435.46127,1618.5088,1934.2052,-435.39612,1618.2124,1940.4044,-564.2511,1609.5457,1941.9656,-564.5172,1599.979,1943.4701,-564.3399,1553.3934,1957.1633,-130.9429,1536.4779,1969.2075,-709.5588,1637.756,2012.3901,-344.74203,1627.5718,2015.7916,-511.80835,1583.1127,2149.9143,283.66937,1500.1863,2289.6833,-836.9615,1855.9785,2239.1108,-20.158472,1821.9133,2478.3174,-617.2511,1711.5095,2145.275,-891.76685,1692.4639,2205.7292,119.66339,1684.0425,2091.0588,-1013.91705,1674.6819,2129.9692,143.05089,1662.1217,2091.5615,-942.8493,1636.1294,2146.8657,102.21943,1656.4724,2110.4612,-891.6803,1634.0688,2173.604,132.04132,1697.0472,2598.7659,396.00128,1691.2429,2711.6262,-395.74478,1993.576,2259.6584,192.20613,1991.9302,2356.2217,-803.13196,2249.952,2653.5261,245.12733,2294.7888,2715.5876,-739.023,2236.7603,2728.9297,248.98224,2270.9482,2801.354,-723.7255,2444.7202,2657.5635,88.848656,2520.546,2742.208,-856.9723
IMG_20220729_193020416.jpg,situps_up,2006.5693,1253.0397,-508.8516,1986.0221,1215.468,-467.90952,1983.003,1214.0934,-468.12924,1979.1804,1212.5979,-468.11035,1978.9248,1220.238,-591.00946,1970.8727,1222.491,-591.2378,1961.4835,1224.7964,-591.02997,1920.2147,1234.5774,-153.91011,1899.9797,1253.6063,-706.3055,2002.0685,1292.1294,-377.42407,1991.6764,1295.3016,-537.2993,1936.7167,1420.7252,238.99284,1867.4836,1565.8346,-818.62195,2206.8857,1534.1204,-48.7206,2202.1333,1713.7837,-590.1209,2079.9065,1395.8025,-892.01294,2062.667,1446.8351,140.0054,2062.5417,1341.9889,-1004.73535,2043.8723,1378.8872,178.50764,2034.272,1347.8739,-937.42505,2008.0264,1394.2848,140.15236,2025.6042,1371.8032,-891.67523,2001.327,1416.4188,154.97133,2070.726,1853.4136,375.56488,2072.5027,1970.8837,-375.66473,2350.4197,1514.809,264.8587,2389.6814,1608.0742,-691.9602,2571.6714,1871.7988,317.82785,2633.1575,1949.0996,-540.8146,2575.3445,1958.8054,322.12384,2620.7573,2037.1995,-510.79602,2765.4614,1889.6354,207.50989,2844.399,1960.3551,-562.51276
IMG_20220729_193024534.jpg,situps_up,1920.5569,645.3934,58.8073,1923.968,610.04694,130.55804,1928.4786,609.64905,130.4838,1933.6804,609.4911,130.48795,1901.3148,609.6698,73.696846,1886.7301,609.1295,73.42796,1870.2596,608.7467,73.197655,1920.1753,618.67755,465.94513,1826.4688,616.5512,203.49129,1922.1289,682.9065,175.733,1898.8671,681.7014,100.06736,1961.9069,788.74585,652.98724,1740.9927,788.0309,109.87844,2166.355,716.85535,410.50992,1776.9958,771.13776,87.793144,1929.9177,679.5246,196.0031,1765.1222,677.85077,558.6022,1869.7156,661.64233,136.91814,1767.0724,651.5102,589.4242,1836.4178,673.7754,251.55646,1764.2585,664.1268,562.79004,1865.8474,689.84595,221.06026,1771.9441,682.74475,555.99854,1974.3351,1205.5555,263.95187,1841.4115,1246.971,-264.32684,2205.0715,905.976,-79.54785,2030.2562,895.69006,-714.58673,2318.1985,1246.7987,-450.09256,2246.9287,1286.1228,-898.7062,2298.094,1334.1608,-499.37634,2229.79,1373.5742,-911.8633,2488.2173,1294.8395,-719.4161,2444.8303,1312.8378,-1109.0902
IMG_20220729_193026036.jpg,situps_up,1620.8453,1083.8773,59.09412,1627.9064,1053.7623,132.67328,1631.9298,1054.7178,132.6804,1635.6937,1055.466,132.61754,1607.7441,1047.1108,68.84616,1595.161,1042.6129,68.53995,1580.2645,1038.1888,68.30662,1611.7162,1059.1627,474.39557,1526.777,1034.6487,173.73668,1610.1401,1120.2397,177.27232,1590.4191,1115.1812,90.24169,1621.0692,1234.8456,643.34467,1387.7867,1169.0624,88.321045,1853.2363,1201.7819,578.2384,1383.2388,1215.3644,38.075314,1644.5287,1090.6584,613.3697,1445.9572,1072.8972,514.1545,1594.2108,1060.0956,588.60187,1449.0781,1048.9767,557.30505,1572.8986,1071.5105,712.86786,1446.3972,1055.9738,534.5541,1583.2256,1086.4327,647.3199,1446.6499,1069.8734,511.54178,1559.5074,1661.2836,262.9994,1403.2664,1659.9585,-263.16815,1846.833,1427.2958,-124.877815,1636.7417,1385.498,-692.95624,1871.4209,1787.6107,-367.30917,1791.8135,1800.9617,-762.23615,1824.2974,1851.6791,-398.7798,1757.7667,1879.4178,-756.7521,2019.4564,1879.5907,-615.83826,1976.4172,1883.4077,-941.2592
IMG_20220729_193027508.jpg,situps_up,2262.0225,949.8808,186.77592,2264.7634,920.937,248.49335,2268.1167,920.52734,248.396,2271.2666,920.1542,248.43686,2247.0825,920.32544,170.02867,2235.3696,919.3783,169.84464,2221.7554,917.8146,169.66931,2236.105,927.69226,526.2251,2174.4375,924.2545,185.2668,2255.45,981.3055,285.83585,2234.8745,982.1377,186.3292,2279.7197,1115.61,707.9006,2067.5894,1105.7882,-52.913128,2352.4937,1316.8435,303.7697,2176.2483,1351.2994,-61.80835,2270.3882,1200.5883,-399.5272,2314.0842,1176.9988,438.9946,2262.382,1200.835,-484.59253,2318.109,1156.3677,484.06293,2242.752,1146.681,-411.4732,2299.0547,1140.9236,463.36276,2240.9426,1155.6089,-394.63248,2292.5312,1151.3557,454.20575,2254.7053,1528.0479,275.60794,2125.1248,1531.8065,-276.47592,2543.7932,1284.8427,36.555313,2327.353,1254.82,-500.8298,2586.4539,1657.491,-317.47754,2498.5112,1665.0223,-662.9295,2551.132,1727.4213,-364.04303,2478.0808,1744.6046,-673.546,2729.6897,1740.0511,-552.31366,2659.9119,1754.1265,-770.5861
IMG_20220729_193028963.jpg,situps_up,1417.0641,1270.4512,-205.13358,1421.5084,1241.9109,-146.2379,1426.9822,1242.3381,-146.40831,1431.5077,1242.3741,-146.40204,1399.7279,1240.6038,-207.16888,1385.4478,1239.4354,-207.29698,1367.8345,1237.2157,-207.32664,1411.1423,1249.9423,156.4745,1318.9149,1240.8832,-112.78516,1417.8167,1304.0562,-94.73922,1390.7394,1301.7621,-173.327,1453.1119,1433.242,374.26904,1218.6083,1437.2296,-227.29095,1554.108,1646.1129,67.17884,1335.8247,1688.5475,-237.04718,1432.5906,1523.9578,-532.81586,1484.2742,1499.1836,104.28491,1399.5842,1495.1367,-610.8639,1534.7196,1467.2623,147.55533,1389.2239,1461.3984,-512.809,1469.183,1462.3405,132.362,1397.0272,1471.5447,-509.65002,1488.7217,1457.9532,119.07825,1427.5449,1828.6134,252.26797,1304.6604,1862.4557,-252.56538,1703.5961,1605.948,33.165718,1496.989,1604.3093,-600.00885,1744.6228,1983.2466,-57.2107,1660.4233,2002.501,-506.39682,1708.1117,2043.3888,-73.180664,1638.2916,2086.6104,-490.50827,1877.485,2073.509,-276.1322,1830.0337,2090.3047,-618.85986
IMG_20220729_193031054.jpg,situps_up,2096.885,1308.3835,-383.03476,2094.7434,1278.9003,-324.11157,2098.756,1277.5272,-324.36182,2102.4434,1276.1566,-324.43958,2075.447,1281.8214,-376.59906,2063.789,1283.1475,-376.71756,2049.886,1284.3855,-376.75992,2085.0894,1285.8563,0.5765487,2007.3182,1297.882,-239.8596,2102.2317,1336.6027,-262.93976,2081.4666,1340.9802,-333.2741,2157.4155,1431.2203,210.74493,1928.3782,1492.8918,-256.30283,2295.7751,1604.5974,-174.47806,1994.8728,1721.5249,-636.5454,2218.0674,1476.0798,-813.6398,2090.3035,1529.8696,-938.56244,2196.5535,1448.8859,-907.4397,2107.657,1473.2053,-998.00867,2179.002,1433.7891,-827.6112,2090.6416,1456.363,-965.0984,2176.9084,1443.8315,-795.3292,2088.7146,1472.2604,-922.4234,2200.343,1789.5317,222.375,2087.082,1847.5989,-222.72276,2394.3423,1557.0286,-125.61595,2226.4485,1611.941,-712.6653,2515.3923,1894.4138,-180.10262,2431.6616,1939.3828,-552.3326,2485.4946,1959.0365,-194.59502,2428.5652,2012.9982,-534.2553,2642.5237,1981.5677,-422.9216,2594.02,2014.138,-720.6547
IMG_20220729_193032428.jpg,situps_up,1704.3611,2087.8542,-143.65195,1702.3297,2059.8274,-79.59312,1706.1779,2058.763,-79.757904,1709.6704,2057.628,-79.803085,1683.0455,2061.7827,-133.9535,1670.8071,2061.812,-134.03981,1655.9729,2062.0884,-134.08922,1693.2836,2064.335,240.69359,1613.2189,2073.7869,-7.5823736,1709.02,2114.8228,-27.527729,1687.9382,2118.2861,-100.44121,1758.5461,2217.4722,433.2015,1526.576,2274.6372,-44.03462,1906.1503,2401.302,85.07714,1592.283,2505.6753,-352.0109,1817.2148,2263.2751,-509.54962,1693.5533,2312.1348,-526.0357,1791.3293,2234.3496,-595.02704,1714.7693,2258.4353,-546.5233,1777.1332,2215.6333,-497.25867,1694.0428,2236.4487,-528.67035,1776.3235,2223.3242,-484.53784,1690.2203,2251.946,-509.24936,1816.6586,2572.053,213.8903,1689.3683,2632.4475,-214.42151,2002.5068,2359.2427,-310.1145,1828.5167,2405.807,-836.50696,2106.652,2727.1838,-396.74414,2027.8809,2774.1484,-798.3518,2079.2688,2791.1147,-411.22485,2020.8384,2841.209,-787.54736,2231.538,2821.1108,-663.82605,2179.9717,2848.9297,-990.52734
IMG_20220729_193038376_HDR.jpg,situps_up,1479.9655,1140.3496,-70.522644,1512.4058,1115.1721,17.103401,1526.9307,1119.1173,16.96284,1538.7042,1122.6979,16.777287,1462.8826,1104.0624,17.529202,1447.0485,1101.1796,17.308235,1434.5723,1099.6239,17.11946,1557.2086,1150.4205,384.50974,1419.4066,1117.0006,393.39853,1497.5878,1190.9915,52.077244,1446.5885,1180.5264,53.50721,1601.2596,1401.4122,386.45947,1294.2202,1336.6364,417.77475,1618.1783,1622.5194,50.348152,1231.5316,1544.4677,-101.94363,1629.129,1756.3497,-334.4947,1375.7144,1379.3492,-767.747,1629.8441,1815.6454,-410.29788,1418.0077,1336.2085,-880.7386,1593.6235,1794.2634,-449.48938,1405.2463,1324.21,-854.92865,1586.0668,1771.4359,-357.66812,1401.7294,1335.9542,-769.4038,1486.9766,1754.6124,-20.19121,1294.347,1719.8853,19.948584,1583.4602,1432.1727,-815.30615,1283.2288,1371.6016,-773.10016,1408.2904,1831.1633,-850.4854,1267.7521,1818.6243,-849.68115,1381.8357,1875.717,-864.3621,1279.9205,1874.18,-869.45264,1363.594,1922.9238,-1179.0132,1281.2341,1916.9707,-1196.1804
IMG_20220729_193039996.jpg,situps_up,2058.6519,837.8131,104.27956,2082.1343,806.5759,187.11044,2095.3892,807.7603,187.54935,2106.1328,808.4281,187.57584,2035.6815,805.4088,200.5958,2021.8,806.0156,200.52626,2012.5347,807.0104,200.47247,2125.5671,822.0593,524.26984,1997.8331,823.53094,590.1079,2087.3577,876.1091,209.67683,2032.5198,875.84576,226.50166,2222.42,1003.88666,541.16077,1908.0256,1000.8233,607.21014,2386.3716,920.2888,308.5786,1759.393,926.38043,219.8177,2180.7512,850.36664,704.43896,1968.5638,865.99115,227.85449,2138.1868,812.6355,750.5096,2011.2584,807.067,188.85333,2132.4438,847.63617,846.93304,2017.1549,859.0543,338.344,2143.3142,867.32104,745.9318,2009.8591,874.0411,273.7293,2158.8513,1411.1832,-53.930695,1973.2009,1405.9109,53.464622,2208.8396,1129.0417,-873.13196,1894.9255,1127.1661,-805.6624,2129.6042,1569.023,-1013.9962,1970.6868,1566.7762,-967.083,2107.6238,1623.3516,-1036.1528,1993.1112,1608.0973,-992.7193,2092.202,1692.2627,-1323.5846,1970.9847,1695.356,-1280.8804
IMG_20220729_193041519.jpg,situps_up,1731.7622,1228.2343,-4.122562,1761.4419,1204.7329,72.16491,1775.4487,1208.4038,72.61392,1786.9796,1212.0066,72.665764,1714.5054,1193.719,83.519775,1700.1332,1191.175,83.47105,1690.7902,1190.184,83.46893,1804.8572,1235.0004,401.7739,1672.9158,1209.3177,458.05392,1752.6101,1279.1515,102.68413,1696.883,1268.3046,116.849174,1855.9061,1432.6129,444.04108,1544.8453,1375.0483,507.05655,2030.4905,1405.8406,195.27106,1407.8021,1283.5988,180.2636,1850.605,1297.0697,529.2706,1629.9714,1260.3038,227.04063,1815.0792,1251.7041,570.0529,1684.6669,1221.4076,197.50974,1801.8055,1281.836,663.53,1689.3079,1259.2733,332.5801,1809.2775,1306.1901,569.5159,1674.1733,1278.5809,272.04398,1718.0237,1840.7386,-66.78721,1530.6456,1812.2142,66.361755,1800.5676,1575.9806,-937.6594,1498.9844,1517.6724,-825.44556,1621.2185,2010.7927,-1000.3863,1473.3861,1975.7655,-932.9978,1601.2853,2056.8071,-1008.6692,1486.1208,2025.5454,-948.5181,1527.8458,2131.249,-1296.877,1453.3167,2118.525,-1232.1464
IMG_20220729_193043446.jpg,situps_up,2073.7717,896.4166,-172.16333,2095.248,864.3982,-108.67701,2106.6687,864.6594,-108.69427,2117.7375,865.0757,-108.71927,2057.3403,861.843,-107.473236,2042.8944,859.83575,-107.556625,2030.7081,858.22144,-107.59443,2136.7156,876.3685,210.48169,2014.199,868.3612,222.5469,2089.859,931.09204,-54.4154,2049.1807,928.1076,-52.57219,2205.9214,1047.0452,262.54068,1917.6913,1036.0065,316.1363,2180.768,1249.7179,-111.65583,1924.2635,1256.4725,-49.67327,2001.1774,1122.2932,-478.46494,2131.028,1150.4989,-370.94943,1946.9658,1079.3278,-552.185,2199.5852,1132.168,-442.34006,1953.0197,1056.8308,-498.92514,2193.164,1102.9751,-385.27206,1979.3186,1079.1012,-462.37436,2174.5305,1113.0322,-350.52438,2126.6074,1391.9232,-56.027294,1959.5176,1382.2769,56.635624,2176.3992,1235.9899,-1054.2438,1906.7876,1240.2073,-847.9488,2071.56,1650.345,-967.15247,1930.9072,1637.5712,-788.5612,2048.5654,1680.5408,-966.9863,1947.2651,1675.2953,-793.60504,2030.6642,1776.2385,-1322.1741,1926.7133,1766.355,-1127.0109
IMG_20220729_193044795.jpg,situps_up,1579.8602,1751.6282,-116.36794,1601.407,1718.8077,-57.24002,1612.6221,1718.2762,-57.211178,1622.9696,1717.9341,-57.237232,1559.0707,1720.6091,-52.55565,1545.2551,1720.7837,-52.60767,1535.5747,1721.5796,-52.552917,1642.4131,1727.6523,241.87784,1521.6042,1733.2223,268.41006,1601.9752,1782.8707,-6.4591765,1559.0835,1784.2195,-0.23492123,1727.1785,1892.8966,276.97086,1446.651,1903.677,372.20944,1724.812,2100.4785,-68.86366,1470.6129,2125.1895,37.10224,1536.3132,1964.1216,-372.7465,1674.065,2010.0789,-264.01202,1483.6755,1938.2123,-438.62088,1743.6434,1982.4572,-329.94815,1484.5676,1914.2235,-379.78558,1716.9196,1929.2892,-272.9575,1501.1693,1925.4574,-352.73618,1715.2998,1962.8181,-243.7177,1678.6056,2228.734,-76.03272,1525.9825,2243.6345,76.54359,1708.9015,2075.934,-1037.3342,1436.689,2108.678,-809.6795,1640.673,2509.8584,-971.6882,1499.7333,2514.5247,-779.0064,1624.8232,2540.6096,-971.7296,1522.5881,2553.7256,-785.53076,1600.9869,2642.6016,-1312.331,1501.1437,2648.6438,-1100.8119
IMG_20220729_193049883_HDR.jpg,situps_up,2040.2825,763.2824,-138.0929,2066.058,728.4766,-123.55811,2082.2566,728.7495,-122.98274,2097.5264,729.0579,-123.05763,2030.6549,727.64453,-57.802975,2022.4037,728.0907,-57.767345,2015.0571,728.8778,-57.62132,2132.8552,739.2504,57.851555,2022.6271,741.66235,369.6031,2069.5208,801.12396,-80.10935,2029.916,800.1518,8.072924,2239.1672,915.9894,82.72691,1984.149,911.961,622.10834,2314.5015,755.12537,148.8695,1744.6251,835.3566,457.18475,2270.125,854.90265,761.7739,1992.3015,783.9546,263.23016,2240.407,881.2505,822.26605,2035.1333,783.99756,209.31465,2238.623,910.8975,796.9705,2057.4263,787.3132,339.7668,2249.2466,908.62756,764.2192,2051.0154,793.7456,297.5249,2119.7522,1363.7429,-244.6545,1972.5317,1327.2007,243.05199,2004.9401,1008.6844,-1026.8042,1733.765,1003.0843,-40.565956,1775.2172,1391.9269,-1265.1643,1652.5009,1357.9285,-681.39264,1783.6635,1470.1022,-1284.1301,1673.5387,1442.1694,-757.75354,1617.6682,1418.2449,-1489.738,1483.1863,1419.0726,-984.4304
IMG_20220729_193051973.jpg,situps_up,1783.3173,1028.7882,-43.36535,1818.145,1005.9339,-14.466056,1835.293,1010.056,-14.431705,1852.9923,1014.0561,-14.62988,1788.5707,996.50256,47.19665,1782.9702,994.0462,47.165764,1776.7454,991.6854,47.117863,1888.002,1036.2039,199.98883,1792.5988,1009.5599,488.57336,1802.8842,1080.8978,33.16159,1769.14,1070.1742,114.11719,1944.896,1255.5098,88.2884,1689.3489,1181.507,739.2735,1742.5087,1415.242,-106.90524,1579.1909,1369.1431,495.9122,1693.1909,1259.5736,-92.19593,1624.6451,1433.208,-84.73312,1675.4115,1224.6273,-139.95432,1615.0267,1465.9158,-153.57083,1711.5483,1214.9719,-172.44128,1638.3734,1443.1709,-186.15471,1716.1351,1240.2563,-101.02584,1648.0597,1435.1486,-113.500946,1691.8115,1684.8917,-266.46573,1553.8057,1617.0328,265.43872,1679.6783,1287.0696,-807.03894,1420.0542,1223.6158,-50.58292,1364.9003,1631.874,-880.98676,1244.7087,1568.5194,-627.06116,1355.6459,1714.0619,-887.26874,1254.8225,1662.07,-698.17737,1215.2338,1642.3917,-1031.6569,1058.21,1591.7065,-901.6698
IMG_20220729_193053558.jpg,situps_up,1916.2906,842.5235,-249.67879,1939.6261,809.3318,-223.76518,1954.4606,809.8624,-223.68019,1967.4552,809.92786,-223.73239,1906.8796,807.3866,-172.34056,1898.935,807.3595,-172.52007,1892.2152,807.54535,-172.55156,2001.0201,821.91003,19.24536,1900.0221,824.01764,254.83939,1941.1615,877.9707,-157.49251,1909.0604,877.3204,-91.789116,2095.9873,1012.89294,-16.548828,1835.0933,999.51654,574.1626,1977.2108,1213.4481,-192.33978,1768.8911,1199.0288,285.47495,1874.3516,1069.5502,-167.40323,1848.429,1098.617,-306.37643,1849.9786,1029.6825,-180.86826,1869.3458,1084.4803,-355.22638,1883.1914,999.7795,-187.40172,1869.9213,1029.6,-329.0824,1887.9102,1013.74536,-160.21759,1878.9669,1065.5784,-308.2115,1970.0769,1439.0923,-238.73068,1836.505,1405.8119,237.93864,1869.8918,1141.6394,-910.9572,1599.0591,1128.7605,-149.8069,1663.141,1519.0696,-902.942,1519.6482,1487.7588,-472.84793,1669.3158,1596.5703,-903.3836,1548.548,1559.6688,-520.73444,1569.6368,1573.0729,-1091.1982,1383.8065,1586.7255,-760.0857
IMG_20220729_193055017.jpg,situps_up,1514.5747,992.2475,-457.72607,1543.1256,961.77014,-431.48764,1559.1445,963.7553,-431.37994,1574.9331,965.51373,-431.39728,1513.4225,957.0247,-375.11774,1505.6144,955.40015,-375.3542,1498.1688,953.86285,-375.4123,1613.9308,979.186,-166.2302,1512.9819,967.6378,88.59793,1536.8512,1033.8109,-356.05423,1504.8464,1027.4231,-284.79996,1696.1389,1197.6761,-146.98831,1431.0394,1143.59,464.40048,1567.9459,1426.655,-316.06604,1324.8207,1365.7789,198.3388,1442.7473,1235.4714,-336.2402,1430.4521,1272.8154,-466.48416,1419.4781,1185.0903,-369.51773,1488.5728,1213.6238,-537.15405,1445.41,1163.9485,-364.31235,1497.0598,1188.5677,-514.7784,1458.0686,1180.7279,-324.77835,1489.8695,1195.4122,-471.6041,1508.5532,1626.7798,-250.33325,1374.2854,1572.5505,249.96854,1436.1439,1336.2542,-1070.417,1167.0546,1281.279,-311.06985,1183.3536,1712.3973,-1020.6843,1040.3157,1662.8041,-486.98517,1178.506,1796.4406,-1016.4879,1061.1254,1727.4305,-518.4485,1003.9973,1802.5159,-1295.8754,895.0864,1758.9022,-815.64105
IMG_20220729_193056306.jpg,situps_up,1575.9568,1333.1864,-405.12595,1598.4191,1301.1282,-383.47314,1611.8839,1302.1562,-383.4115,1625.5166,1302.8721,-383.42816,1573.1617,1298.184,-324.87143,1566.2539,1296.9487,-325.02014,1559.3912,1295.5654,-325.10446,1662.5,1314.67,-160.80225,1573.8049,1306.4744,109.83855,1598.8167,1368.2756,-320.5523,1569.1439,1365.0253,-244.25285,1762.0646,1509.6932,-136.40062,1510.3274,1475.2355,458.2754,1725.4601,1758.87,-481.47342,1410.7417,1694.0837,155.60992,1586.4424,1583.8126,-832.71216,1483.5094,1538.663,-569.30206,1561.0315,1534.4565,-921.3088,1501.5687,1490.8053,-652.6109,1577.1582,1504.1051,-888.91113,1509.4708,1471.1971,-633.4884,1584.0912,1517.5674,-820.8224,1510.9056,1482.6102,-576.5429,1631.9418,1893.5441,-245.45255,1501.0918,1850.4733,245.30734,1510.7389,1652.986,-1038.3335,1290.2893,1615.384,-396.92792,1318.6405,2036.1428,-976.56604,1213.4731,1997.2109,-467.57657,1332.2478,2095.2957,-973.28906,1233.2787,2066.7822,-487.14883,1173.5121,2121.7844,-1232.2661,1093.4313,2099.8376,-759.4147
IMG_20220729_193057798.jpg,situps_up,2062.501,1362.4609,-224.02843,2081.6199,1336.5452,-211.84198,2092.6716,1336.2194,-211.70259,2105.2256,1335.1278,-211.70782,2058.2969,1334.6919,-157.51753,2052.5964,1333.8425,-157.65855,2048.018,1332.552,-157.7491,2144.6704,1339.2048,-40.033188,2066.7896,1341.129,209.22188,2085.3245,1393.2314,-158.22342,2059.4634,1391.597,-88.04613,2249.293,1523.9618,-31.332449,2007.862,1496.5168,488.01282,2215.316,1765.9138,-285.847,1910.1771,1688.8145,238.48637,2079.1086,1609.8029,-519.7714,1971.4261,1580.9807,-362.66763,2045.1365,1568.7618,-575.0771,1986.2667,1536.508,-430.04623,2064.7039,1533.379,-558.8769,1994.8575,1516.7375,-401.89938,2071.3076,1545.18,-511.45697,1998.3386,1525.9688,-363.69867,2122.7427,1890.0402,-216.01978,1999.9995,1850.2515,215.68768,2006.3381,1657.0902,-959.1281,1793.0913,1621.0327,-348.83307,1820.8285,2016.437,-964.6415,1710.7999,1988.1683,-516.65094,1833.0104,2084.5127,-966.8907,1734.8372,2044.8689,-546.0369,1676.7709,2115.444,-1214.6217,1598.4946,2086.5405,-820.1877
