IMG_20220729_185811950.jpg,pullups_down,1369.8936,553.9063,123.52055,1364.3702,524.67664,264.09302,1372.4404,526.92975,264.343,1379.3376,529.31616,264.18436,1329.106,524.8195,188.77286,1312.6039,527.181,188.97466,1295.8619,529.8042,189.16728,1356.5111,566.8897,818.2306,1244.1124,563.8437,476.84674,1386.4207,609.8316,321.31723,1345.0408,610.182,221.23103,1512.4143,816.1269,1118.4154,1179.8358,790.6624,1.5913215,1726.7046,641.20337,1369.5135,1182.3931,351.46545,-675.55756,1811.4823,345.0358,1329.285,1193.507,-67.83057,-608.38043,1802.0763,278.45966,1308.5728,1196.2803,-98.02115,-752.9978,1788.1626,275.64682,1218.5465,1204.6124,-102.51331,-691.3541,1789.2201,293.15543,1263.2633,1206.0939,-96.173645,-603.50134,1631.6328,1500.5073,309.3184,1414.3859,1499.3243,-309.25858,1633.4788,2106.8682,-28.47257,1400.3169,2125.759,-611.0795,1552.5974,2777.4253,83.878815,1399.8458,2802.1606,-504.58807,1506.0643,2856.9053,64.82255,1370.0345,2885.0664,-525.25885,1708.6163,3032.4526,-449.63528,1523.5305,3064.025,-1137.6661
IMG_20220729_185816318_HDR.jpg,pullups_down,2041.7035,319.13522,1177.4573,2041.3888,293.16025,1305.0408,2048.126,295.4718,1305.2972,2053.7568,297.6873,1305.071,2008.6813,288.65262,1210.0487,1993.5797,288.38004,1210.2966,1977.7551,288.819,1210.474,2027.721,327.82343,1721.442,1931.1471,313.16187,1293.2186,2049.474,363.6622,1327.4808,2012.8967,358.7789,1199.381,2131.889,561.30835,1913.876,1850.706,508.30508,735.3278,2310.476,403.8037,2518.7527,1881.0314,220.74796,404.98248,2383.3293,152.31827,3136.6895,1936.1432,-113.051895,741.1821,2378.7014,87.552666,3228.8694,1941.5269,-188.15956,682.4127,2361.7126,77.286064,3194.3406,1941.9053,-186.28952,709.24176,2361.3713,102.54344,3117.134,1963.424,-168.65749,749.5356,2173.795,1178.3479,341.43942,1997.383,1133.7031,-340.9781,2087.219,1741.295,-117.358185,1913.1488,1701.8191,-961.8105,1924.2582,2377.591,-309.7167,1791.24,2397.3655,-1338.2505,1867.6815,2455.0183,-352.54822,1738.1067,2477.4817,-1390.8944,2056.2422,2598.0957,-731.5967,1952.6663,2606.815,-1872.9435
IMG_20220729_185835074_HDR.jpg,pullups_down,1138.3528,813.94824,1217.9746,1133.8534,790.4212,1357.1602,1140.4651,795.3566,1357.4529,1146.4984,800.3629,1357.2701,1104.058,780.872,1279.1118,1089.9742,778.8182,1279.14,1075.9333,776.98157,1278.9609,1116.1694,832.77454,1780.6125,1024.0302,802.79987,1429.0839,1144.6156,861.4423,1367.3802,1110.6492,850.3436,1261.6268,1202.5507,1066.2594,1914.2681,931.142,942.7159,849.3799,1394.6558,909.46643,2316.4775,1011.38727,566.1975,473.89117,1466.9817,690.68726,2763.7122,1111.5831,235.83972,768.77924,1477.9308,642.4747,2811.6497,1122.6749,158.68616,699.45935,1453.7217,636.89813,2793.3154,1120.859,150.65086,720.1108,1444.2667,646.6994,2743.533,1124.994,187.3325,769.31146,1125.1957,1602.1102,279.36218,951.8366,1513.8845,-278.60583,987.2297,2116.1084,-335.0636,769.3948,2068.4753,-1063.4657,744.8733,2690.917,-524.1997,576.80505,2662.397,-1225.2678,671.8833,2760.364,-568.8251,532.3625,2719.697,-1256.7488,767.66504,2923.6865,-996.87213,629.0043,2917.8372,-1791.7343
IMG_20220729_185839055_HDR.jpg,pullups_down,2069.5527,286.40976,1179.8485,2067.6226,264.3184,1297.5187,2077.4143,264.1113,1297.8633,2086.0203,264.2531,1297.6439,2031.6685,272.13058,1212.0115,2016.0632,277.94086,1211.9818,2000.6296,283.92166,1211.8977,2077.4412,295.63916,1668.0052,1968.5211,319.9439,1286.3068,2099.5117,323.2605,1312.3163,2054.5151,332.14957,1197.0388,2249.1587,467.53482,1819.9279,1952.6097,516.6999,760.2178,2322.6875,247.95511,2554.25,1874.7644,182.00237,582.8553,2285.711,31.291367,3526.2834,1843.0533,-149.19234,1231.2831,2279.3132,-27.048737,3666.5935,1838.9039,-217.80968,1238.5563,2261.23,-27.10408,3660.3086,1842.3348,-229.38966,1259.9147,2256.2314,-1.2826324,3528.7087,1843.6307,-209.65173,1243.6725,2450.9219,1006.6067,271.8566,2250.696,1012.2336,-271.39847,2555.4055,1504.0114,-287.62024,2338.486,1536.9808,-956.2688,2539.9458,2136.8735,-570.06305,2419.6624,2173.3232,-1341.5125,2498.5566,2233.3499,-620.8557,2401.291,2268.9004,-1390.5018,2728.464,2319.2,-978.4589,2619.9841,2337.9521,-1833.9746
IMG_20220729_185839605_HDR.jpg,pullups_down,2119.6838,375.62576,1113.2515,2113.8457,350.20547,1226.9275,2120.703,351.2057,1227.3131,2126.9229,352.5189,1227.1381,2082.8093,354.0851,1130.3054,2067.0479,358.064,1130.3119,2050.4634,362.43958,1130.3268,2109.039,383.48203,1597.3853,2008.2137,394.846,1159.5607,2136.56,416.59122,1245.6967,2101.2397,418.1175,1114.9105,2254.3906,557.87164,1748.4177,1964.4568,574.7025,687.97864,2342.1008,348.4742,2345.0647,1912.1609,247.74796,545.1502,2324.3354,121.480644,3049.2898,1868.2726,-74.9596,1275.4263,2304.8157,67.92265,3133.2803,1869.9307,-116.56174,1267.0037,2291.9438,72.936775,3126.419,1879.1975,-117.84125,1308.8113,2293.145,86.61345,3039.6543,1879.324,-104.22161,1292.119,2431.159,1120.8937,268.9279,2241.3638,1109.3099,-268.20898,2471.2322,1640.0464,-222.18362,2275.4155,1659.176,-905.4927,2483.3083,2274.477,-459.017,2331.8896,2273.8335,-1214.385,2437.304,2349.3398,-506.3806,2311.0225,2360.7678,-1259.9403,2621.003,2409.372,-909.4459,2479.4565,2427.61,-1727.4487
IMG_20220729_185844170_HDR.jpg,pullups_down,1308.2092,867.3657,667.90985,1296.3008,843.9157,796.7379,1302.5293,847.0685,797.0225,1308.3452,850.62024,797.10315,1269.8898,844.53864,724.93524,1257.696,848.14886,725.01605,1244.9069,852.2707,724.9363,1286.2253,896.88074,1246.4713,1204.1499,894.6299,921.4841,1326.7081,919.61163,829.1506,1293.0211,918.7574,732.277,1457.2307,1107.8845,1469.8495,1167.7294,1094.7815,339.86603,1600.0029,897.46796,1828.1166,1159.7257,708.321,-298.75876,1621.7081,623.35944,2029.6377,1182.5016,329.414,-204.29099,1639.0457,577.5026,2060.5522,1176.7283,253.5938,-309.8878,1620.0582,578.6877,2000.8112,1176.8939,243.84724,-284.76865,1609.2524,592.3193,1987.881,1185.0205,273.21063,-200.78668,1508.9536,1730.2675,306.70425,1327.3025,1703.1721,-305.9666,1458.7483,2272.366,-53.023483,1285.3965,2259.1404,-768.3346,1360.3531,2848.17,-4.505155,1267.3007,2873.635,-787.15515,1303.4408,2928.925,-27.926458,1223.9181,2958.8499,-814.33826,1490.6846,3071.7573,-447.21173,1395.8677,3100.594,-1372.2468
IMG_20220729_185915684_HDR.jpg,pullups_down,1804.5441,666.5645,980.87524,1798.6055,646.96985,1107.3099,1803.747,649.2428,1107.5929,1808.6283,651.7978,1107.5319,1770.7782,643.7105,1005.4086,1756.784,643.7867,1005.6,1741.7764,643.9731,1005.44165,1777.6958,684.1542,1541.251,1691.6257,667.3336,1087.0718,1811.3871,714.8989,1141.8195,1776.8223,709.2364,1006.13477,1873.5419,903.33295,1764.5948,1601.5635,845.4264,501.47754,2047.0088,743.459,2310.4949,1654.7097,500.20435,-52.611973,2124.3853,504.81677,2727.7285,1730.6736,172.43788,127.83487,2131.5737,465.44846,2783.3887,1734.7408,104.87294,18.049603,2121.7065,463.02615,2732.4946,1734.6522,106.02343,16.744034,2115.582,478.10687,2692.616,1737.8661,130.53284,122.27127,1856.8135,1506.0282,332.4742,1661.2081,1459.0614,-331.73874,1753.1246,2041.7295,-234.1256,1566.5127,1985.5618,-914.97473,1619.5538,2605.5896,-380.86472,1494.5636,2591.3394,-1035.467,1567.1146,2660.676,-428.50308,1456.4426,2654.1482,-1074.856,1698.4934,2858.8054,-951.01996,1571.4286,2852.4534,-1665.1809
IMG_20220729_185917596_HDR.jpg,pullups_down,1217.866,1014.3749,410.1157,1212.8293,990.1594,543.9419,1219.0844,994.3462,544.2218,1224.6683,998.9375,544.17126,1181.8119,985.38574,454.276,1167.1372,986.10095,454.1559,1151.6127,987.24164,453.98154,1192.9336,1038.331,1047.9457,1101.8715,1023.0206,646.7059,1225.2256,1066.6592,595.6732,1187.4373,1061.1255,476.1293,1290.4841,1267.1182,1333.5897,1018.66925,1217.8259,97.6385,1479.2245,1080.6636,1839.9592,1050.1119,872.2142,-666.1921,1557.9783,839.40424,2248.2808,1150.8578,503.63815,-660.9125,1586.8755,793.7183,2317.7974,1165.703,434.6056,-779.47955,1567.194,791.20734,2260.7861,1160.2587,431.51962,-749.36316,1552.4197,808.3386,2211.5972,1161.6167,453.41504,-660.6188,1241.5638,1903.6007,317.64117,1049.7482,1843.5034,-317.28604,1164.1449,2425.8271,-196.10625,992.6782,2358.531,-880.96674,1054.4377,2988.7524,-173.80518,914.9017,2975.814,-811.6084,990.7908,3056.22,-205.87389,865.4059,3051.7568,-831.9817,1105.1348,3211.4343,-752.7983,989.7954,3199.4119,-1448.9592
IMG_20220729_185920555_HDR.jpg,pullups_down,1210.9933,943.9398,-1000.47406,1194.0422,911.51013,-883.05963,1201.4053,914.1174,-882.76917,1207.9645,916.94147,-882.68774,1161.8326,913.94116,-965.96234,1148.0576,918.04315,-966.05786,1133.7585,922.8403,-966.241,1187.3928,963.06146,-331.4581,1094.5046,967.11096,-707.73126,1235.1138,1004.3908,-795.32153,1200.4178,1007.6584,-904.832,1372.6091,1162.701,87.49445,1079.2048,1223.0682,-1022.3986,1504.5042,900.19305,194.36203,997.81146,874.01324,-1751.6547,1548.718,605.81934,-133.92393,969.66345,460.9332,-1957.696,1562.4902,530.6005,-212.49033,943.1651,368.5336,-2142.8176,1547.2932,524.4062,-287.02036,954.8589,352.47614,-2058.2944,1536.8346,549.6886,-199.48889,974.01324,386.392,-1943.4125,1495.2184,1886.3835,304.44965,1304.5306,1897.3385,-304.98642,1507.1295,2372.919,516.6561,1326.0438,2420.1963,-108.60919,1485.3475,2831.751,1284.9387,1393.2904,2892.6775,622.9349,1447.1533,2883.5232,1337.2943,1370.2415,2948.592,662.3801,1594.5835,3033.2605,890.9609,1527.8763,3092.282,53.91994
IMG_20220729_185923481_HDR.jpg,pullups_down,1811.1967,622.73694,-1141.7155,1792.3374,585.2967,-1021.6955,1796.3463,585.42505,-1021.43195,1799.3903,585.47266,-1021.29755,1765.9445,590.42377,-1124.7495,1752.4515,594.4023,-1124.9048,1738.4767,598.6628,-1125.1625,1758.9523,616.13336,-429.7107,1689.8296,634.0888,-894.04584,1818.5349,672.94336,-916.4558,1790.1326,679.01794,-1051.8402,1932.3226,847.31714,34.963318,1661.6542,876.8678,-1230.7466,2075.1006,616.52594,78.46196,1636.8423,522.5093,-2213.4028,2159.1968,343.9006,-329.4837,1649.4106,70.03453,-2722.255,2180.084,274.02563,-427.59122,1651.9923,-7.443309,-2956.7463,2163.0398,262.04602,-517.1547,1651.6466,-13.005495,-2867.5469,2150.571,283.3185,-404.49658,1653.3053,11.27404,-2710.5095,1979.1935,1562.4152,326.97357,1780.2369,1547.462,-327.3051,1919.9375,2079.9697,395.42938,1743.6666,2085.6003,-203.44102,1840.2683,2568.221,1016.8469,1747.3234,2609.8706,401.66113,1789.0594,2620.2507,1047.7191,1715.9442,2666.9326,419.9571,1942.9026,2778.0754,509.13626,1861.9965,2807.2253,-264.6727
IMG_20220729_190002434_HDR.jpg,pullups_down,2118.7432,646.82733,-83.12107,2134.7883,622.8057,33.14166,2147.2295,620.58405,33.26575,2159.8484,619.14435,33.161095,2102.4988,634.3297,17.119795,2092.8442,639.50836,17.169533,2083.2888,645.25903,17.07455,2177.9407,645.12823,488.97363,2073.0342,679.52094,424.36224,2150.391,678.9107,75.72092,2103.8384,690.2294,55.687347,2316.8428,789.1103,569.853,2021.4808,830.28015,291.62527,2400.2534,568.1247,398.73035,1901.2465,611.89996,-49.668438,2409.7385,315.43063,156.14401,1835.2942,380.15814,-239.55301,2413.0706,273.15707,51.655235,1819.5355,338.85678,-385.6148,2399.5007,269.90436,8.601411,1836.7411,328.623,-401.87912,2392.9373,281.66217,108.84169,1847.1171,343.26822,-273.2384,2367.9246,1357.2244,32.63875,2163.4758,1384.5571,-32.570976,2453.4746,1792.3164,-49.259632,2210.5034,1808.7589,-138.02507,2459.7578,2263.6084,272.22937,2315.217,2290.6123,221.11678,2442.589,2312.538,273.22513,2343.2954,2333.6323,225.0198,2496.0093,2431.5293,-305.42072,2325.073,2458.845,-320.6776
IMG_20220729_190004408_HDR.jpg,pullups_down,1384.8816,991.4962,-1221.1158,1404.1493,978.4559,-1128.7329,1417.4655,980.47614,-1128.5671,1431.234,982.5158,-1128.7788,1367.6296,980.9461,-1125.7512,1355.1946,984.28516,-1125.8724,1342.6559,988.0792,-1125.7958,1445.5143,1012.0382,-648.1667,1323.617,1020.08093,-635.6891,1408.8905,1024.183,-1045.3998,1361.2247,1024.5952,-1042.5264,1557.26,1177.0394,-486.33188,1243.1833,1170.8973,-532.7834,1665.337,975.95844,-841.65576,1145.6122,916.7674,-1131.1927,1727.1434,715.32526,-1306.9613,1100.0336,647.0859,-1803.2188,1749.1816,664.898,-1459.0024,1084.3557,592.28143,-1994.9349,1727.2173,659.7458,-1497.888,1100.533,586.8599,-1988.3478,1716.0975,671.5658,-1354.5345,1109.1511,602.8345,-1838.4175,1503.5848,1745.6239,-16.29823,1293.5671,1745.1562,15.830894,1499.1698,2153.929,-10.760323,1280.2279,2160.1729,109.16727,1447.8103,2616.4714,591.2054,1316.2411,2631.898,673.9539,1436.1599,2662.9463,616.4576,1333.801,2681.3132,693.82227,1470.7286,2779.534,25.097334,1265.2098,2793.961,144.73991
IMG_20220729_190007608_HDR.jpg,pullups_down,1230.1178,736.67084,-1653.8823,1250.1014,726.13794,-1556.1183,1263.9825,729.8207,-1555.8871,1277.8965,733.4767,-1556.1698,1212.4548,725.2378,-1554.841,1199.2203,728.4138,-1554.9962,1185.667,731.3689,-1554.9329,1291.8365,772.438,-1026.006,1160.3303,769.49475,-1016.8095,1253.4186,780.5591,-1455.2382,1201.0007,775.59973,-1454.1709,1410.4736,951.1306,-821.5319,1057.0707,923.5039,-867.5024,1546.6196,702.2814,-1079.2258,978.6299,637.6665,-1361.4324,1658.789,392.40265,-1418.9996,928.1551,293.0026,-1912.6362,1679.3375,343.31763,-1583.402,906.16583,231.09079,-2113.4048,1659.0952,338.1952,-1620.0344,927.2717,224.89941,-2140.3674,1647.9181,347.61237,-1467.5878,938.85077,245.52095,-1962.5883,1293.2944,1608.3523,-44.300983,1077.9438,1599.7958,43.606243,1263.8906,2071.599,214.22916,1066.9094,2075.5198,351.04544,1199.2524,2521.3691,1128.696,1077.0111,2525.218,1288.6324,1181.5677,2568.8967,1181.6185,1091.252,2576.515,1344.752,1217.2269,2701.317,539.8295,1024.24,2695.326,748.3196
IMG_20220729_190009668_HDR.jpg,pullups_down,2045.3472,178.6318,-626.254,2074.0256,153.91454,-526.45917,2088.2988,158.14528,-526.6233,2099.9902,162.46051,-526.8999,2029.3407,147.95663,-535.9484,2014.2913,147.73,-535.78564,1999.0819,148.38194,-535.6025,2111.4275,195.74055,-28.924566,1970.736,175.69139,-63.330948,2067.167,231.39534,-444.3741,2010.5353,222.35727,-455.1712,2175.4897,398.54095,131.17374,1862.2207,345.02505,-29.14395,2330.9072,217.2203,-140.0442,1822.4264,84.150375,-328.5692,2427.7644,-1.6037822,-618.31006,1804.0908,-164.72125,-665.9018,2425.266,-39.64439,-794.82654,1795.9688,-186.40424,-864.98254,2413.1255,-37.816196,-848.4915,1811.8845,-181.37973,-908.19666,2414.1477,-27.625412,-673.7012,1816.8411,-178.4749,-717.1595,1993.2493,998.82074,48.209057,1794.9163,955.4745,-47.9842,1888.8988,1472.0756,134.1606,1725.7911,1440.4573,1.5425774,1763.3871,1886.487,889.3922,1660.6268,1890.8698,730.3614,1735.6495,1929.4447,932.9708,1658.7543,1939.3358,764.50903,1774.662,2063.6848,320.92392,1638.0947,2040.6378,138.09593
IMG_20220729_190012032_HDR.jpg,pullups_down,1404.4485,1205.2307,-1432.2672,1431.393,1172.537,-1338.1287,1448.3358,1174.4292,-1338.0116,1463.6783,1176.3763,-1338.1868,1385.2162,1173.0427,-1334.4427,1370.5593,1175.3453,-1334.5283,1356.3298,1178.0193,-1334.5032,1488.3938,1202.3494,-844.74963,1348.521,1203.0754,-827.5905,1437.7083,1255.0201,-1250.1254,1383.1256,1256.1333,-1246.5106,1605.0873,1405.0168,-669.0558,1271.1028,1398.2576,-736.1006,1724.7421,1135.1182,-952.78705,1165.2106,1111.0051,-1121.8242,1803.9762,847.0478,-1323.2172,1087.9731,806.8321,-1551.2148,1827.4733,768.5064,-1482.5044,1044.8855,726.5924,-1745.9294,1810.9574,757.1415,-1531.0244,1073.0065,715.0739,-1768.6569,1796.7139,786.73676,-1373.3864,1092.1262,747.44867,-1595.9939,1509.5822,2052.8013,7.075063,1302.649,2049.2742,-7.796629,1477.8728,2514.5112,217.56796,1293.4241,2506.5903,185.7687,1422.6959,2945.4846,1067.4283,1315.3511,2952.5093,1040.1378,1409.0476,2991.2715,1118.5796,1328.8246,3002.1501,1088.823,1456.5432,3129.8643,506.13687,1280.7194,3147.4575,488.77243
IMG_20220729_190014738_HDR.jpg,pullups_down,2219.7778,818.4893,-1057.4247,2236.2432,794.1397,-959.40576,2250.234,795.8081,-959.3807,2265.1272,797.7907,-959.5561,2194.3918,797.00964,-969.4203,2180.9229,800.3269,-969.42267,2166.2126,803.8322,-969.3389,2285.1765,829.908,-450.30255,2141.82,839.1091,-492.93488,2251.8445,861.92804,-869.1989,2196.232,861.9853,-883.1316,2399.3013,1011.6427,-261.02414,2061.249,1025.4271,-425.68912,2512.55,730.7437,-458.73593,1974.8176,772.2346,-917.4964,2569.0347,449.8059,-793.5336,1910.9468,463.27087,-1434.3694,2587.9697,389.10233,-928.8815,1888.5701,414.48407,-1632.5426,2580.117,387.42657,-975.3345,1900.1554,407.6068,-1643.7455,2570.6519,404.1954,-840.6461,1909.0442,418.2677,-1474.1584,2324.3047,1666.5706,-7.864086,2115.1018,1669.5126,7.3733373,2302.6018,2130.158,131.66902,2130.468,2124.295,144.47783,2268.9565,2576.0479,830.49554,2171.259,2583.338,863.19324,2262.8232,2616.4758,864.06757,2191.0037,2626.3054,897.9869,2312.1287,2771.0818,246.97667,2130.8809,2777.415,312.35928
IMG_20220729_190031742_HDR.jpg,pullups_down,2026.5433,719.1069,402.87775,2056.864,696.03485,446.7008,2068.725,698.0048,446.65085,2080.7522,700.4386,446.3264,2031.8126,695.3278,518.59937,2026.0443,696.07184,518.4987,2020.379,697.0394,518.56805,2114.4517,730.7715,599.7019,2037.5171,724.7001,923.9676,2045.2242,753.3277,454.87756,2013.3842,752.14825,546.1137,2167.35,875.9061,286.97015,1966.1254,873.6858,1179.1753,2214.4355,620.295,19.976273,1881.8263,686.318,1665.3043,2269.3264,350.84546,136.54683,1851.8934,465.49182,1965.3024,2272.8188,332.35922,85.42943,1839.2031,428.44327,1984.7255,2271.6135,329.78503,67.94447,1858.6691,422.64755,1969.8474,2267.8965,331.345,125.95291,1864.4686,438.99207,1947.8026,2057.8945,1369.6696,-349.25797,1899.3975,1365.9095,350.04242,1974.4491,1784.2166,-688.4908,1835.8785,1776.35,-14.651694,1887.1959,2256.5596,-664.872,1789.7797,2232.5317,66.88392,1908.5503,2327.2773,-683.51965,1822.0034,2314.5557,47.900417,1750.6912,2403.3545,-1200.4083,1665.5458,2359.1973,-362.65533
IMG_20220729_190037395_HDR.jpg,pullups_down,1345.2937,924.90765,-325.217,1373.1696,903.0853,-264.21405,1385.7467,902.59204,-264.3422,1398.5894,902.20966,-264.66913,1345.687,906.73724,-202.60316,1339.8754,908.9385,-202.69649,1334.7318,910.9899,-202.68347,1431.0223,920.2437,21.962648,1351.8124,931.15454,304.18216,1375.2452,956.909,-221.41548,1340.982,958.3805,-141.24854,1540.5682,1053.1631,-180.22191,1282.9946,1108.0359,697.39703,1504.2979,767.085,-709.0739,1201.6666,917.47327,1178.3915,1510.8236,473.9146,-1090.4806,1093.1407,691.74097,1357.9304,1516.6799,409.24002,-1241.3712,1059.1681,645.4219,1353.6088,1519.242,394.40405,-1266.3425,1073.1196,638.94476,1301.3467,1509.7449,422.3714,-1124.7723,1084.1807,654.33466,1323.3525,1511.5583,1594.0955,-343.84824,1343.8804,1631.6304,344.6062,1550.3497,2021.717,-640.27716,1406.5703,2044.3383,68.2303,1624.0986,2482.617,-444.38998,1506.788,2500.215,417.1554,1675.8994,2554.554,-452.52808,1573.1079,2564.6572,413.3733,1533.9843,2649.6318,-1065.9033,1423.0641,2669.8354,-82.952774
IMG_20220729_190041158_HDR.jpg,pullups_down,1945.8777,429.9277,-587.75653,1977.917,400.19183,-532.2502,1994.0503,400.6892,-532.57837,2011.0347,402.56952,-533.0378,1948.2134,402.17874,-477.61203,1942.9287,403.49774,-477.4048,1938.3492,405.18372,-477.2254,2051.7832,430.53183,-232.33534,1961.3662,424.7065,29.168737,1978.1049,471.04102,-476.88638,1941.4314,471.1377,-403.13144,2117.4978,621.36865,-397.29315,1906.1205,611.31726,389.09946,2168.7915,326.33176,-851.44037,1810.5154,364.6678,544.63495,2193.0916,140.95992,-1113.7944,1730.3391,132.87207,466.26315,2183.5906,112.91054,-1273.4108,1733.7855,128.9616,376.3038,2164.719,118.61309,-1298.7762,1739.4874,132.43532,338.48758,2161.777,138.85135,-1143.4458,1737.9463,134.90645,422.21652,2056.0823,1178.8849,-301.2832,1925.792,1188.1486,301.43567,2036.9637,1620.4015,-202.59744,1916.0554,1610.2473,390.63867,2041.7516,2027.1638,148.19707,1951.0697,2023.6725,781.6887,2077.3035,2076.4324,155.75543,1994.4642,2073.9639,785.2303,1928.1136,2185.781,-347.4821,1840.575,2162.3384,374.83612
IMG_20220729_190041456.jpg,pullups_down,1952.5287,500.71585,-565.6628,1983.0453,472.3169,-503.95227,1996.7012,473.11826,-504.26065,2011.4999,474.70477,-504.66824,1959.0435,472.5259,-445.0923,1954.4467,473.30887,-444.92145,1949.7935,474.35126,-444.73077,2052.3713,503.23785,-182.65724,1973.0911,494.1751,96.47767,1973.6608,541.8156,-448.76666,1945.2805,539.28906,-370.02988,2114.537,683.493,-352.3107,1894.193,676.2649,510.67633,2163.9253,406.05338,-801.8067,1809.2623,451.2485,799.8253,2198.7976,161.20988,-1019.26324,1727.0626,207.59886,814.03955,2158.1406,164.6136,-1172.2554,1734.3419,171.0324,744.60693,2138.394,170.6476,-1199.5294,1746.7225,170.62729,714.6671,2137.6199,191.87656,-1048.0615,1742.6304,181.37581,777.22784,2067.2788,1243.392,-317.09128,1918.7385,1252.5367,317.1742,2070.0303,1667.4219,-223.89891,1924.9598,1658.2788,417.50128,2077.321,2076.4668,156.5613,1970.0598,2065.4858,862.84155,2105.128,2133.6487,165.36339,2016.3124,2118.7244,871.72296,1984.4381,2224.8533,-357.8379,1864.5708,2212.9229,460.18127
IMG_20220729_190043321_HDR.jpg,pullups_down,1511.7697,1024.4822,-1042.6259,1548.866,1003.8307,-996.2457,1563.8148,1006.20105,-996.294,1578.7604,1009.1109,-996.5921,1517.2526,1002.661,-936.0446,1509.501,1004.0016,-936.09534,1502.949,1005.368,-935.9902,1612.9258,1037.8475,-689.8957,1525.4987,1025.1893,-406.43954,1540.0054,1066.7339,-922.90814,1498.8364,1062.9617,-842.4771,1688.4609,1211.4254,-750.22095,1434.2999,1179.1034,-6.659458,1756.1865,915.7881,-1228.812,1363.1335,940.6242,44.39689,1813.7344,618.7545,-1602.4083,1329.4554,681.0229,-320.63586,1829.3134,569.2813,-1793.045,1333.3634,622.13324,-455.33475,1830.8455,562.523,-1814.6276,1355.138,619.8274,-520.48773,1821.5564,574.7433,-1634.4663,1355.9283,639.5385,-379.33664,1543.6145,1754.5444,-288.82437,1373.8599,1739.8479,289.03378,1479.67,2181.5244,-219.2162,1332.7772,2155.4724,397.6113,1416.1969,2595.7761,281.18103,1299.7927,2593.2488,917.32324,1424.0712,2652.6716,295.0433,1340.2008,2661.2065,930.32446,1322.2493,2719.9106,-324.06348,1196.4624,2722.0654,431.41666
IMG_20220729_190045382_HDR.jpg,pullups_down,1426.2849,1299.8019,-546.0008,1458.0022,1263.5002,-504.7281,1474.0892,1262.825,-504.99335,1490.9943,1263.4327,-505.30222,1427.4999,1265.7695,-426.98495,1421.736,1266.3757,-426.75366,1415.0983,1266.9463,-426.50323,1536.7595,1285.8389,-250.30945,1439.2443,1278.9536,116.93934,1452.9391,1339.951,-448.52716,1419.4513,1338.6135,-344.3105,1618.3862,1480.6472,-393.73187,1374.8473,1442.3425,436.03857,1642.3931,1242.5787,-1090.7006,1268.7189,1205.1976,647.8312,1672.4349,935.6967,-1671.7775,1198.0673,951.83813,487.96652,1662.25,947.5751,-1882.8759,1195.8419,916.9893,387.3007,1673.9141,955.03723,-1895.3994,1204.5822,913.66266,313.9406,1664.3453,974.2897,-1704.4448,1204.4985,921.2884,427.58847,1523.9834,2043.6584,-285.41525,1355.3285,2035.5127,285.6429,1519.2838,2484.2478,-174.32864,1356.3112,2463.2642,321.23386,1480.0638,2906.0,226.92354,1376.1866,2882.7102,822.0895,1493.5845,2952.9263,233.89377,1415.9905,2934.203,836.87354,1392.4784,3075.4358,-382.0881,1280.7452,3039.999,340.57712
IMG_20220729_190047045_HDR.jpg,pullups_down,2053.7014,853.5646,-389.6105,2088.3977,825.502,-333.35428,2104.2556,826.5336,-333.63406,2119.903,829.43494,-334.04303,2054.858,827.7204,-275.1439,2047.5974,829.115,-274.94037,2041.1608,830.7064,-274.73648,2156.342,858.17303,-38.614132,2072.1348,845.30133,239.28499,2088.5063,896.57117,-281.78226,2043.9468,892.8877,-203.55563,2215.9663,1046.7692,-178.17598,1999.3907,995.19934,539.32043,2312.9016,808.7088,-631.10364,1919.7072,783.23505,652.7019,2329.8696,545.18494,-945.60724,1857.4878,532.5923,462.04556,2367.524,537.39026,-1117.3794,1849.36,499.63492,341.8185,2346.8022,542.0945,-1144.6377,1858.5645,498.13815,293.77402,2335.3123,559.8533,-979.16284,1861.5905,508.35184,409.0882,2094.1826,1575.756,-272.9703,1941.1239,1559.883,273.26797,2050.573,2013.9816,-199.80745,1901.4037,1980.6306,315.03333,1982.3605,2413.61,137.49048,1895.5963,2386.5864,730.86285,1994.1642,2467.5857,141.0737,1927.03,2430.6216,738.7821,1881.748,2577.4773,-418.56436,1779.6727,2529.9817,287.67456
IMG_20220729_190047703.jpg,pullups_down,2115.4404,703.83014,-366.67975,2146.087,671.988,-306.29318,2161.515,671.5176,-306.53802,2176.8835,672.79224,-306.87366,2113.4016,677.0502,-258.8197,2106.064,679.1309,-258.5683,2099.7434,681.8457,-258.4088,2214.8828,698.70715,-21.605055,2128.4329,698.72003,206.91846,2152.24,739.4513,-265.73615,2109.5408,743.37354,-201.75357,2303.052,872.975,-166.93237,2065.6008,861.6719,426.02878,2327.8445,626.81134,-596.3973,1972.1447,646.61237,413.11694,2351.2683,409.24554,-851.1914,1897.2937,427.62708,204.45088,2364.8066,362.14203,-1009.80066,1900.4384,428.80466,72.85094,2348.3184,371.69257,-1027.9827,1924.5973,433.1856,47.55616,2340.4421,389.51263,-880.63165,1921.4526,432.48288,159.86534,2238.8728,1407.3856,-222.09085,2074.7097,1409.8853,222.20584,2247.584,1826.7786,-127.38623,2087.745,1817.9772,264.09787,2234.9973,2211.6587,210.6685,2139.6443,2198.6204,698.0044,2250.744,2258.6096,212.79253,2172.6782,2234.1514,708.3809,2154.5222,2376.1418,-348.58887,2055.9167,2348.3684,262.19193
IMG_20220729_190220349_HDR.jpg,pullups_down,1997.3153,328.4321,842.6676,1976.5205,303.59494,719.96045,1966.0366,306.26224,720.0683,1954.3076,309.78522,720.2132,2004.8008,301.4692,723.5525,2014.9078,302.91196,723.37854,2025.9645,304.8025,723.2573,1934.7443,340.39673,257.22577,2049.4182,332.59686,262.10992,1990.1772,365.44455,701.9741,2020.5186,362.79166,700.52545,1821.4498,503.81842,79.95494,2176.9358,469.1218,32.215874,1718.0762,305.6836,99.276566,2222.864,277.41122,169.58408,1608.8652,31.426996,22.300196,2236.547,-6.1611233,337.26294,1561.9331,-32.38034,-23.465275,2248.217,-65.57688,302.01453,1599.8204,-51.666946,-62.50784,2216.094,-90.84275,302.0251,1618.3274,-23.294628,5.149656,2208.448,-49.29337,342.8221,1974.6157,1124.4822,39.90815,2156.8264,1098.4808,-42.27055,2020.7054,1548.6023,148.66537,2235.3352,1506.571,111.518166,2128.444,2013.6078,-363.91818,2245.0278,1979.7593,-335.2213,2144.5837,2071.068,-413.815,2244.2537,2034.5588,-372.8735,2115.0542,2165.3215,-685.34216,2257.6064,2115.2358,-621.12616
IMG_20220729_190222310_HDR.jpg,pullups_down,1592.0731,810.2146,1107.692,1579.617,777.3125,991.96796,1567.9164,776.611,992.15546,1553.6708,776.64325,992.2797,1610.0056,781.94586,981.4084,1620.4657,784.62286,981.1205,1631.267,788.2614,980.89307,1526.9934,799.4691,547.49713,1653.9572,822.60474,493.57394,1573.1367,844.09326,975.4163,1608.1497,850.522,955.92883,1391.3934,934.1833,397.93848,1756.5785,981.16547,147.72482,1350.0027,722.8991,606.57855,1824.2168,793.02405,290.79855,1330.7095,478.99234,705.56726,1908.194,541.97906,575.44855,1308.7179,438.06375,714.2919,1925.5978,503.7172,558.8739,1329.15,433.66766,650.3256,1903.8037,495.09143,560.68524,1341.701,450.34933,684.1462,1891.6691,510.8031,588.5046,1408.9064,1570.2904,92.63438,1588.5631,1586.6565,-94.97295,1346.8907,1998.5232,68.45877,1571.4877,2002.1107,23.41618,1356.8016,2446.1367,-386.36197,1488.6631,2449.3257,-400.85886,1361.7849,2508.846,-429.30576,1479.3241,2500.4329,-434.80847,1342.023,2575.4102,-641.6174,1465.5798,2574.2769,-636.1344
IMG_20220729_190224929_HDR.jpg,pullups_down,1389.3967,789.615,555.0008,1367.3291,750.46014,416.35724,1352.454,749.4121,416.49878,1336.1388,749.0945,416.54965,1407.6549,755.2887,401.30014,1419.8264,757.0971,401.1708,1434.1968,759.6523,400.89035,1306.9205,775.25995,-46.055866,1456.5176,793.8049,-119.79858,1368.8657,829.161,419.80322,1409.7648,833.35156,394.70404,1169.6565,953.82367,-127.52625,1562.714,982.6301,-348.98312,1110.8298,691.1206,31.669384,1643.9694,713.6403,-390.6315,1051.4519,343.95288,-63.076694,1710.9794,367.2848,-455.4292,1031.127,291.2811,-135.2272,1742.272,308.77005,-552.14014,1050.1608,280.06268,-206.94319,1708.6494,298.30063,-563.17413,1061.5792,299.87286,-97.91339,1691.8156,321.99573,-461.28113,1209.5709,1677.6162,45.151955,1412.2742,1693.2473,-46.50826,1198.9507,2153.3123,206.74179,1390.8575,2162.8713,138.92003,1209.6256,2604.0342,397.02423,1333.1914,2605.372,339.79742,1215.8154,2674.6196,407.6422,1321.1901,2669.214,360.0872,1205.3457,2703.1917,197.21376,1304.8522,2702.6,126.24998
IMG_20220729_190227513_HDR.jpg,pullups_down,1999.6631,475.54547,347.4489,1988.082,441.6409,217.55244,1975.1956,441.21497,217.52702,1961.5872,440.72253,217.62395,2020.6987,448.51694,224.38364,2031.3103,453.41464,224.32367,2042.9099,458.6191,224.06795,1937.0961,465.81647,-218.86009,2061.2046,500.36386,-192.168,1977.371,514.60077,217.5084,2008.8246,521.42737,221.5394,1798.779,603.8358,-373.6759,2139.9724,670.0334,-307.2965,1767.7961,336.1607,-318.3816,2239.092,433.53546,-266.08798,1750.439,37.171127,-433.83722,2349.6511,129.18886,-297.3367,1726.3152,-31.727404,-516.6784,2389.9575,89.19167,-369.6141,1761.9142,-35.446556,-555.5194,2358.8174,81.02837,-389.84445,1775.4105,-12.809336,-455.65222,2337.792,89.7907,-305.8622,1760.8363,1265.0123,-103.64702,1941.2106,1292.8097,102.46223,1701.7491,1699.5791,67.86217,1867.31,1711.465,276.6824,1671.0774,2139.2424,241.2769,1773.515,2133.332,471.7436,1679.4009,2207.1514,250.97234,1773.4108,2199.2659,485.30508,1640.0902,2227.2627,18.24434,1737.6681,2216.4978,237.68204
IMG_20220729_190229354_HDR.jpg,pullups_down,1488.4866,1337.5887,329.60425,1464.6493,1307.7607,205.05309,1450.6788,1308.8425,205.11009,1436.8848,1310.6912,205.33058,1500.9227,1307.0416,195.31696,1514.1445,1307.7882,195.17297,1527.1195,1309.1488,194.81577,1417.384,1337.8163,-210.14525,1556.3441,1338.3981,-261.14725,1476.2471,1374.583,209.02716,1514.0269,1374.6235,191.05411,1328.3956,1486.3737,-252.37633,1677.4739,1483.447,-443.57358,1264.0795,1216.0917,-95.382515,1733.7098,1204.4403,-361.04285,1183.6039,921.91003,-209.09335,1779.1188,891.24786,-265.4128,1142.4373,864.04083,-261.14,1822.5142,844.50684,-323.60437,1184.677,858.40283,-317.3158,1779.132,840.6616,-338.51212,1203.3196,875.5617,-232.93402,1756.1091,856.8947,-265.91022,1398.1956,2116.329,51.692364,1572.209,2117.6162,-53.496834,1419.6372,2497.9314,488.18527,1603.2614,2492.2222,341.09872,1459.3713,2877.7,608.3112,1577.381,2881.3513,468.84808,1474.3817,2940.871,615.7193,1570.7402,2939.5122,484.26752,1462.1284,2943.5515,454.9583,1557.697,2949.1736,280.857
IMG_20220729_190230924_HDR.jpg,pullups_down,2047.0521,941.5149,527.72595,2029.1047,917.0327,407.00598,2015.1112,919.49945,406.99146,2001.4727,922.22546,407.05646,2064.5142,915.6224,410.6719,2076.396,917.4738,410.52988,2087.8691,920.07056,410.2904,1984.4623,949.7302,-7.752798,2109.255,955.61957,1.2638128,2026.0315,980.3676,403.74634,2066.5813,981.635,402.7232,1868.9067,1095.8158,-207.06406,2214.243,1109.3431,-116.671104,1810.5452,862.2436,-146.80676,2266.9348,841.02454,-125.76252,1731.0846,587.5977,-220.69412,2300.508,540.8114,-235.14893,1695.7687,540.848,-300.7346,2334.97,500.4453,-313.29932,1731.4934,526.38245,-327.85416,2294.0278,495.02744,-339.6762,1748.6902,542.34686,-236.94965,2274.3071,507.93323,-247.79327,1951.0867,1729.2028,-139.11658,2130.6694,1720.16,138.28665,1958.7408,2139.526,-53.996243,2142.9675,2121.8857,249.13417,2030.1954,2571.4792,85.22308,2126.1204,2536.2285,408.21152,2049.0037,2634.2393,95.79118,2135.2698,2599.462,422.22122,2000.6309,2626.138,-72.50973,2096.522,2596.3235,230.05008
IMG_20220729_190946855_HDR.jpg,pullups_kipping,1802.8859,750.4179,539.46375,1813.7219,730.2467,658.2362,1822.9169,730.81793,658.53015,1833.109,731.7073,658.42175,1786.351,734.42957,657.749,1778.1216,737.2698,657.62146,1770.1313,740.8143,657.686,1857.6691,749.567,1019.4353,1756.9078,768.7772,1021.50024,1830.455,776.83264,649.82904,1793.2639,783.8191,647.4335,1964.5271,856.18445,985.2171,1695.0819,894.2186,952.2687,2132.1924,730.71985,691.6189,1541.2166,760.8361,688.86725,2090.3882,515.5626,550.33,1533.1292,557.4248,562.67285,2097.185,471.41138,494.76404,1518.113,511.19434,478.07584,2078.9707,467.3975,532.3941,1537.736,507.6153,522.25806,2069.6738,482.23434,548.2604,1547.735,521.2673,560.7091,1953.8282,1205.7837,-16.241362,1778.9625,1212.326,17.155134,1994.8826,1100.7888,-1201.8593,1764.0037,1123.819,-1389.8684,1985.4235,1544.6447,-1524.3738,1847.384,1574.579,-1654.7517,1961.1339,1603.215,-1580.9689,1871.013,1623.137,-1699.5354,2003.5588,1688.9373,-2042.248,1883.7456,1698.7047,-2167.8035
IMG_20220729_190949343_HDR.jpg,pullups_kipping,1398.1674,879.61774,654.2727,1416.8319,865.1409,772.7566,1428.2957,867.7844,773.1044,1439.0651,870.5974,773.08356,1386.9974,862.5811,786.4713,1376.1908,863.2696,786.34296,1366.1666,863.884,786.4876,1454.9268,892.6158,1130.1759,1349.9655,885.96216,1196.4814,1420.0825,914.3498,762.7066,1376.3741,907.40216,778.13824,1540.0751,1038.4857,1014.3762,1258.407,1000.70264,1182.0681,1734.9896,929.4944,514.50494,1119.0469,836.9287,869.27625,1744.6882,698.17474,207.42853,1153.0239,618.2372,600.79266,1756.7731,641.855,132.00871,1142.16,561.59955,508.59637,1738.8275,638.7817,188.22583,1158.4425,560.05725,570.30493,1730.2927,653.3741,212.47626,1166.9457,574.0839,602.67993,1434.1017,1373.3252,-74.22828,1251.5414,1347.9874,75.205666,1455.1407,1280.896,-1569.2465,1238.693,1249.1589,-1508.4053,1347.6106,1716.2526,-1906.4321,1208.6094,1696.7395,-1831.0105,1316.771,1768.6147,-1966.7213,1219.3466,1755.0254,-1889.8608,1314.3695,1875.8573,-2471.004,1225.9202,1838.9703,-2404.2449
IMG_20220729_190951572_HDR.jpg,pullups_kipping,1452.3082,980.67957,496.5271,1470.2112,967.2654,609.8287,1483.4814,969.9033,610.0525,1496.4896,972.5025,609.9098,1439.1884,964.5651,632.53357,1428.9656,965.0231,632.4021,1419.0797,965.8658,632.47076,1514.7969,998.4374,953.85596,1405.4673,991.4298,1057.2665,1477.8618,1017.48895,601.0201,1428.8265,1013.7037,627.6908,1601.0249,1166.8036,830.3577,1303.1013,1126.8672,1084.0964,1795.2333,1082.5018,386.9485,1149.7772,994.14874,849.21216,1804.1459,829.4563,115.71813,1186.514,737.0542,607.41406,1821.8933,764.86334,36.43695,1173.7799,680.21844,502.85712,1804.0824,759.833,70.94721,1191.276,677.19006,574.51904,1792.3939,782.4415,111.41984,1201.7007,695.67316,607.3209,1487.5142,1526.4692,-88.29325,1284.3658,1503.4812,89.11469,1465.9789,1593.4293,-1468.8997,1242.9866,1540.7219,-1498.1201,1325.5789,2065.771,-1792.7495,1186.8644,2022.2125,-1736.2822,1288.8331,2121.912,-1849.973,1193.7783,2094.5188,-1784.3315,1322.3953,2185.071,-2415.2488,1182.6372,2193.4558,-2345.407
IMG_20220729_190953743_HDR.jpg,pullups_kipping,1892.1663,460.87485,22.868467,1913.1196,441.80438,136.32187,1926.0277,443.35635,136.43983,1937.9667,445.21204,136.2538,1879.0807,441.95618,148.09932,1867.5325,443.7178,147.89935,1856.1226,445.7115,147.99196,1957.4573,474.1563,531.41644,1841.9019,472.5326,583.10956,1918.6791,498.77737,149.82512,1869.0466,496.61752,162.18263,2042.5217,646.79114,535.8745,1748.3959,604.8637,624.4627,2249.137,569.0281,175.70891,1605.8687,453.37018,303.14905,2271.8882,308.43866,-50.7595,1641.487,208.36678,4.0500436,2289.6562,252.4479,-133.71275,1630.343,144.85484,-115.6253,2269.5696,244.75766,-101.52623,1647.8461,142.82655,-63.82982,2257.324,263.96368,-55.549343,1657.8251,161.29697,-3.569126,1933.6776,1041.7404,-29.851887,1739.7268,1009.28345,30.854784,1972.0248,1046.8129,-1400.9757,1751.9554,1020.6485,-1495.1094,1845.287,1523.1248,-1471.8367,1709.4982,1515.0265,-1532.289,1805.0459,1585.398,-1499.9584,1714.0016,1577.5598,-1555.8259,1862.8586,1665.8854,-2050.8179,1715.9016,1680.3838,-2124.1194
IMG_20220729_191025100_HDR.jpg,pullups_kipping,1536.3634,1236.245,-489.21616,1550.9146,1210.5796,-392.7377,1564.4515,1210.4703,-392.72394,1576.9728,1211.2817,-392.92047,1518.1652,1213.6143,-379.84958,1507.2708,1215.7178,-380.04456,1496.0234,1218.2794,-379.94772,1595.0807,1231.5392,-12.6117525,1486.4111,1240.3438,48.50273,1565.2682,1271.5197,-361.7789,1517.5315,1274.5929,-345.44638,1695.3586,1376.3235,67.41899,1421.341,1379.4708,130.18031,1872.6613,1271.0891,-239.40962,1265.863,1266.0308,-204.32411,1869.181,1023.90265,-504.4074,1260.1704,1023.5243,-593.01184,1889.2034,966.1974,-610.1589,1242.917,968.6962,-737.6317,1873.0765,960.6177,-604.5059,1258.6742,959.50903,-704.8422,1860.6294,980.2505,-522.78955,1270.4761,975.7239,-610.8015,1627.0629,1775.1564,-16.555939,1436.9672,1771.2744,17.640345,1633.1593,1875.2009,-1415.1304,1434.0137,1863.3838,-1235.9562,1569.164,2324.273,-1241.7324,1446.4362,2308.8389,-1089.5208,1548.9431,2369.2634,-1242.4398,1459.3578,2353.999,-1093.775,1567.2998,2463.3594,-1790.8147,1455.0044,2454.2122,-1613.0118
IMG_20220729_191026893_HDR.jpg,pullups_kipping,1577.311,1099.338,-414.52344,1589.3004,1068.2068,-303.30862,1601.9054,1066.8993,-303.31714,1614.0175,1066.4371,-303.5094,1555.6635,1075.7296,-292.27087,1543.186,1079.5111,-292.50565,1531.0233,1084.104,-292.3443,1629.9958,1087.6921,143.97594,1516.2185,1107.4385,200.9821,1602.5374,1131.347,-261.75558,1559.4968,1138.3767,-247.29549,1728.2389,1225.2596,217.89711,1450.9448,1239.246,301.4108,1890.9209,1125.8247,-214.36586,1298.4711,1117.1918,-102.32074,1892.4086,893.33905,-632.51184,1290.1031,873.1096,-599.02606,1904.3584,835.6482,-762.05457,1275.5873,816.4286,-764.7749,1888.1305,821.23785,-765.91095,1288.8079,806.59485,-734.4778,1879.6907,845.2672,-658.8467,1298.2628,824.05884,-620.04175,1678.3246,1643.7131,-37.102062,1485.3083,1646.2997,38.2132,1699.5494,1765.7413,-1523.0671,1486.5936,1765.4348,-1455.8705,1655.5223,2224.5447,-1463.0718,1532.6923,2230.65,-1418.5707,1637.5046,2272.5713,-1482.7687,1545.0536,2276.7944,-1439.3646,1648.4263,2354.5127,-2097.874,1545.774,2365.714,-2020.5183
IMG_20220729_190313250_HDR.jpg,pullups_up,1349.4382,667.5622,861.9319,1345.2922,647.87164,972.0048,1350.7065,650.9758,971.98,1356.2345,654.27954,971.66974,1325.4785,643.9659,894.1651,1316.4163,644.90894,894.25696,1306.4758,646.6155,894.1091,1347.2214,684.55475,1348.9924,1268.2263,675.012,984.4903,1365.008,705.8517,993.33594,1336.743,700.4582,885.5453,1461.9398,874.4508,1478.1642,1208.2997,836.22186,690.3547,1698.3337,986.67377,1621.9502,1160.8134,630.52325,489.31488,1693.9045,763.2898,1655.2133,1182.012,453.2876,1022.6816,1687.7584,720.2994,1650.0386,1165.2202,384.79507,1053.1136,1674.6359,710.1392,1680.1417,1171.8632,401.54047,1072.7817,1675.9784,720.384,1652.4851,1181.1766,428.46625,1033.4379,1632.5831,1126.9343,291.61017,1494.8256,1155.9786,-291.18253,1875.0399,1417.3999,-488.40836,1753.0854,1410.9427,-1120.2805,2076.0466,1921.4902,-926.76215,1955.7762,1897.6012,-1519.1876,2065.7415,2022.6753,-979.4477,1948.9232,1985.4834,-1555.9388,2272.6853,1958.4388,-1290.9126,2192.3694,1935.6946,-1925.493
IMG_20220729_190318375_HDR.jpg,pullups_up,1183.8467,827.86664,379.30124,1190.2576,793.81226,465.1774,1198.2203,796.4137,465.06146,1205.2153,799.10175,464.78168,1154.3726,788.9098,419.82986,1135.5598,788.5378,419.7767,1117.4718,788.37427,419.78784,1196.6111,823.2568,858.585,1062.6703,815.81396,643.30646,1198.3414,872.40216,526.45087,1153.2943,870.29395,462.509,1283.4385,1117.11,1058.9866,948.4426,1005.1875,609.69574,1348.3749,1410.1516,973.86273,835.57715,1248.1335,254.64911,1431.3944,1213.083,674.98914,902.0993,945.2268,-157.57054,1457.7786,1147.7008,616.4135,895.02594,878.2507,-214.52763,1454.3115,1115.7144,675.2199,899.0752,868.76465,-207.49599,1438.997,1134.6721,685.15607,909.0015,893.5067,-162.4576,1273.771,1616.931,205.06052,1072.1567,1597.5703,-205.3157,1360.2905,2093.1016,-220.80687,1172.9065,2078.2344,-627.6835,1417.1914,2636.1633,-393.837,1283.1964,2665.636,-713.28015,1380.6155,2729.1614,-432.50784,1273.6735,2746.337,-735.6994,1585.1798,2775.5073,-820.5931,1419.8357,2783.1003,-1160.9707
IMG_20220729_190321200_HDR.jpg,pullups_up,1819.382,381.5038,113.19024,1811.354,346.63464,211.87527,1814.4706,347.69403,211.63928,1816.9429,348.93643,211.30177,1788.9238,344.15442,121.43717,1775.6722,343.99884,121.39769,1759.7533,344.35397,121.21174,1786.2866,370.32938,673.66266,1699.8577,370.04712,255.41502,1825.1915,423.3768,288.47253,1797.767,421.5711,165.74818,1894.8135,655.3324,969.0558,1577.4855,568.7758,206.6977,1978.3794,949.8532,785.3152,1476.1572,824.68475,-378.10675,2042.1593,728.9127,186.1258,1573.9865,542.9419,-1008.3591,2065.0217,673.5668,102.044334,1570.9626,472.5094,-1116.2804,2057.0002,648.022,150.39592,1574.987,462.469,-1083.447,2041.1742,665.4981,184.7021,1584.916,484.0923,-1002.1326,1929.796,1152.9843,263.33862,1728.462,1159.1556,-263.39313,2024.729,1613.63,-184.59352,1865.8304,1605.433,-771.4103,2094.209,2131.475,-287.0026,1997.1538,2151.31,-775.94354,2068.5786,2208.9197,-323.85843,1985.2574,2233.2542,-796.9299,2240.9888,2253.3738,-788.02344,2128.6318,2257.8806,-1323.4504
IMG_20220729_190323069_HDR.jpg,pullups_up,1233.8984,970.5309,-152.20181,1231.9625,935.61285,-54.807003,1238.5555,936.7535,-55.01317,1244.15,937.83453,-55.340237,1202.2388,934.68445,-115.687454,1186.4355,935.61975,-115.60461,1169.8656,936.70135,-115.56557,1228.2673,959.006,461.0762,1115.9965,965.4611,182.12514,1247.2881,1010.597,45.650936,1210.0748,1015.8447,-35.88733,1348.7782,1235.5077,802.8412,1013.2991,1172.6346,197.28537,1449.8451,1532.7638,453.53445,915.4999,1474.504,-411.51346,1511.3695,1289.2838,-363.5655,996.3695,1194.2737,-1146.297,1536.2184,1228.5548,-511.0356,991.05756,1117.3112,-1294.6062,1525.4343,1207.4973,-479.37784,997.19104,1104.7614,-1267.2965,1506.9092,1224.2327,-377.63263,1010.88336,1129.3967,-1147.6956,1378.9562,1769.0718,215.81282,1179.106,1777.9135,-215.7098,1477.5739,2264.0923,-25.096928,1307.307,2259.0977,-364.16876,1562.7798,2768.926,112.21123,1433.7106,2801.1677,-176.70161,1540.548,2865.375,99.793846,1436.0709,2887.2947,-182.84702,1705.7809,2892.5405,-364.78607,1551.5166,2952.184,-691.1206
IMG_20220729_190325177_HDR.jpg,pullups_up,1771.6824,671.23083,7.101304,1766.9736,640.14343,111.08914,1773.7324,642.314,110.93415,1779.6829,644.6167,110.597786,1738.8961,636.4808,37.26992,1724.0618,636.6705,37.363136,1706.763,637.7156,37.27801,1762.0586,669.6536,650.3503,1648.9539,668.83984,311.44492,1784.9916,711.4767,214.55923,1751.0116,711.5107,114.9157,1865.6436,931.5895,1001.4521,1542.9886,857.6442,307.85437,1947.944,1217.2301,666.01294,1453.706,1128.3699,-370.38974,2021.1172,992.9909,-164.01859,1565.5251,860.6903,-1145.995,2033.9017,924.55927,-303.3708,1570.7985,794.4789,-1300.6265,2031.8623,906.44415,-278.28223,1570.8754,784.60156,-1263.6348,2020.4392,929.80347,-182.95311,1577.3308,803.9896,-1144.0833,1886.279,1430.6443,194.82417,1689.9254,1440.2721,-194.64185,1997.4258,1910.9995,-183.12184,1815.775,1927.2584,-456.60547,2083.7856,2432.6023,-124.15011,1954.4489,2457.4126,-346.10056,2064.3645,2492.0032,-148.26994,1953.2626,2517.1575,-360.30673,2183.399,2586.4478,-709.93805,2047.3938,2661.4487,-922.59357
IMG_20220729_190347101_HDR.jpg,pullups_up,1577.6694,493.4123,-114.39744,1594.6166,470.0134,-51.910583,1604.2441,470.42517,-52.02347,1613.3654,471.24637,-52.303043,1567.5083,470.8144,-43.2713,1558.6554,471.2926,-43.325962,1550.4279,471.6969,-43.529892,1622.2739,487.93298,235.17874,1533.5598,489.5893,266.6051,1598.6458,524.0399,-8.527679,1558.1926,523.80383,-0.7760909,1718.9701,635.41284,333.4981,1441.9248,613.0823,409.93018,1859.5082,780.488,56.144756,1312.2828,753.52856,146.15898,1855.6462,573.8251,-287.04865,1325.233,526.76025,-308.43185,1863.5138,520.2251,-345.00418,1311.1002,475.34564,-386.77783,1849.9795,509.71146,-294.90677,1329.7365,465.40292,-330.79434,1841.5067,526.02515,-276.05215,1342.8164,482.15533,-300.0224,1663.2538,1015.56354,-51.896156,1494.3826,1001.11304,51.732708,1664.4885,1328.0991,-483.81808,1496.3196,1325.1633,-392.1787,1668.4904,1697.0222,-570.44977,1533.2079,1701.1302,-414.1553,1651.4988,1766.5566,-592.74695,1553.2377,1768.8342,-428.5634,1666.169,1817.3663,-950.0258,1507.6991,1739.3274,-777.7616
IMG_20220729_190349582_HDR.jpg,pullups_up,1218.8387,694.6664,202.98059,1238.342,670.92285,275.15012,1248.5216,672.62573,275.03723,1258.8634,675.3076,274.74792,1209.9102,670.11896,272.30682,1200.8588,670.6114,272.36655,1191.6385,671.22546,272.14313,1266.4268,699.2878,561.9748,1168.2546,689.22925,547.7751,1238.6333,730.13293,305.57278,1197.4741,724.41345,299.8563,1347.4569,873.8208,643.7929,1055.2644,821.0263,609.11646,1465.9977,1046.6489,333.02588,899.17676,956.4278,333.99765,1489.6964,836.11115,-43.35942,944.2932,724.307,-71.69347,1500.5598,784.16504,-103.95753,947.81335,662.88727,-148.12178,1487.4243,770.0754,-37.151104,965.7085,651.16974,-93.25569,1475.4302,788.798,-30.144957,974.9959,671.70483,-62.652348,1240.3722,1242.0685,-8.622799,1058.8624,1209.8556,8.464836,1220.825,1555.1367,-523.27277,1044.4739,1523.3385,-485.20218,1186.1404,1990.0758,-676.37756,1025.7913,1953.9523,-569.45325,1174.8246,2038.5845,-706.77234,1033.5612,2009.495,-588.7273,1158.478,2085.6746,-1106.7745,1020.1791,2050.6458,-964.57416
IMG_20220729_190352355_HDR.jpg,pullups_up,1153.8213,821.9604,335.38934,1173.0863,797.6422,408.1374,1184.8112,799.0814,408.0622,1196.7363,801.3958,407.79483,1143.1597,798.0229,410.9192,1134.0145,799.1857,410.97717,1125.6963,800.8371,410.71738,1217.833,831.21625,694.8254,1105.4296,829.74634,704.9239,1178.1362,861.59296,436.52652,1134.6799,856.85205,437.55896,1321.5845,1012.8958,746.4945,1004.89056,1000.5157,762.2181,1455.6613,1189.4596,381.58783,876.69763,1183.2844,426.25037,1460.2466,976.99133,-23.834389,892.9984,938.1989,-79.74277,1468.1654,924.0814,-84.84066,876.51025,870.6527,-170.94057,1455.0187,906.4797,-25.3873,892.46716,858.26697,-109.9298,1445.2013,926.27704,-11.236228,909.9174,879.8976,-72.09694,1256.4468,1434.4214,-12.642569,1048.1781,1424.788,12.544898,1251.231,1781.0565,-583.5152,1045.6299,1782.5375,-631.82947,1251.4742,2232.9255,-859.38666,1070.109,2241.2874,-838.2614,1242.069,2310.114,-902.4159,1091.884,2304.9058,-871.85614,1205.6198,2338.5693,-1323.8945,1045.3715,2341.3562,-1282.371
IMG_20220729_190354365_HDR.jpg,pullups_up,2048.0662,404.5803,81.71526,2067.6257,386.64227,151.3193,2077.4075,388.18063,151.16164,2088.0864,390.77728,150.79465,2043.0629,388.01385,150.46323,2036.1658,389.72784,150.46225,2029.542,391.94458,150.2746,2101.3967,419.974,471.61996,2012.8657,416.14465,467.94373,2063.126,439.26733,199.54575,2029.7794,434.1267,197.35617,2197.9055,624.87024,597.09534,1883.6351,576.12024,558.36444,2315.1094,836.72144,268.62527,1739.6254,750.4445,232.27457,2340.4465,611.6803,-154.3676,1786.078,515.38055,-341.58887,2356.8608,550.67334,-220.34828,1772.7139,445.11533,-435.2464,2347.7148,533.71875,-153.88153,1791.6472,431.80408,-407.50916,2333.3984,553.9549,-138.59557,1808.3691,459.15732,-345.2648,2070.0771,1061.3223,-6.6195493,1905.9081,1039.0022,6.425281,2007.5381,1439.9426,-343.24103,1856.4242,1418.2526,-344.692,1921.3746,1887.6404,-410.2824,1834.7966,1868.6516,-363.58612,1915.6409,1948.907,-434.40686,1841.9052,1930.0397,-382.49966,1913.083,1982.731,-831.83386,1784.2178,1967.7859,-777.20447
IMG_20220729_190356026_HDR.jpg,pullups_up,1400.0116,1053.2617,277.95038,1415.269,1034.4957,354.33447,1425.2174,1034.6708,354.18607,1436.8918,1035.6631,353.90186,1391.4912,1038.2034,353.93723,1385.7474,1040.504,354.01837,1379.9452,1043.4296,353.87183,1462.1626,1065.8761,663.29785,1366.5503,1076.5406,658.91156,1423.9313,1089.1666,387.61246,1388.626,1089.4093,385.3123,1594.514,1260.8074,737.2858,1270.3761,1283.8815,685.20435,1730.242,1479.1515,326.34476,1161.9146,1497.3069,301.84775,1711.3296,1250.9777,-234.71423,1160.3011,1239.4667,-298.08408,1708.0214,1190.0657,-324.75412,1138.5148,1186.7825,-395.3121,1697.4358,1164.2914,-265.8337,1151.5183,1167.2573,-353.07953,1687.6044,1194.436,-226.954,1169.1135,1186.0643,-295.95627,1548.7292,1703.6298,5.0548506,1352.9141,1707.2634,-5.459134,1573.9277,2096.7537,-431.21606,1373.627,2094.8823,-292.05743,1583.9948,2555.549,-520.90607,1418.3597,2548.0886,-288.78613,1563.4519,2621.1064,-547.5882,1438.2406,2594.029,-304.95963,1592.3774,2672.8315,-976.6167,1398.8337,2684.4053,-697.23
IMG_20220729_190357524_HDR.jpg,pullups_up,1747.9366,778.00397,-64.2799,1763.4143,759.904,2.342974,1773.99,761.732,2.2498245,1785.7,764.8116,1.9891008,1738.7354,762.58386,9.753606,1731.1127,765.5961,9.878617,1723.6576,769.5152,9.872448,1810.6418,795.6192,336.1454,1707.5348,803.5934,366.33533,1773.5963,816.9225,59.413418,1730.1364,814.84973,67.399254,1927.1057,981.29565,466.84412,1617.2743,983.9226,486.30432,2058.1912,1179.2639,67.56385,1505.9889,1176.0732,117.51381,2049.1184,938.25024,-523.1884,1502.2439,948.98486,-533.4264,2048.2468,869.3735,-634.7733,1489.5878,890.2728,-655.2322,2041.0792,854.83307,-596.71625,1496.905,871.1653,-622.2633,2029.7031,879.05554,-525.56055,1509.3998,889.76117,-537.9483,1891.2594,1435.9915,-24.466473,1680.9144,1427.0569,24.229193,1889.7507,1826.6124,-370.46838,1702.722,1816.0573,-266.43533,1886.5424,2277.3523,-192.7044,1735.9746,2265.525,-67.83003,1872.839,2332.9712,-194.78923,1756.9856,2315.5972,-67.5608,1900.458,2392.5317,-629.8826,1701.5331,2403.2856,-478.0979
IMG_20220729_190443279_HDR.jpg,pullups_up,1943.563,15.979976,-287.11383,1985.5824,-30.575932,-253.88774,2003.014,-29.572428,-254.177,2023.2721,-32.979637,-254.5403,1943.0652,-26.976227,-217.14085,1929.0817,-23.430258,-216.98964,1911.9211,-36.805183,-217.13293,2045.083,-12.830615,21.413559,1910.8882,-1.206994,200.23521,1962.338,55.643143,-174.04767,1915.4603,58.242737,-124.24469,2106.5242,188.5778,104.333786,1798.0549,183.83226,455.74872,2183.2217,356.11987,-359.46594,1671.7579,443.85132,25.093185,2133.2373,86.08863,-767.70105,1703.102,211.86707,-852.40656,2135.346,29.22383,-863.9898,1702.7229,155.60147,-990.2242,2106.965,-11.812091,-801.0724,1706.9493,131.22546,-978.5308,2105.922,17.959713,-751.12714,1710.8627,148.92984,-872.3137,1868.1117,693.3769,-185.01706,1708.3485,653.14746,185.20949,1737.5272,1059.6249,-581.54285,1581.5344,1033.928,-150.42639,1586.7557,1507.6193,-532.36743,1477.5028,1504.154,-8.63911,1580.4316,1584.0912,-550.8705,1496.3024,1585.5088,-16.902718,1484.1555,1630.2015,-1007.4364,1316.9738,1587.0431,-426.62622
IMG_20220729_190445437_HDR.jpg,pullups_up,1380.1681,977.8995,-209.29688,1409.0901,948.7872,-148.48534,1423.7227,950.6716,-148.64207,1437.7411,952.559,-148.85597,1373.8683,944.1779,-126.66163,1364.4724,942.47546,-126.68574,1355.2383,940.85156,-126.88144,1462.7456,970.681,149.71825,1351.832,955.175,255.12102,1405.6427,1015.8625,-98.63365,1364.4761,1009.97925,-69.87899,1534.8859,1132.2954,186.02191,1249.6342,1121.4379,420.14166,1621.9543,1272.384,-320.7968,1115.0876,1323.1572,28.436066,1551.9362,1020.397,-692.0538,1132.9209,1084.1316,-681.6568,1549.5016,970.3218,-771.3484,1136.9207,1039.5508,-801.6794,1539.1777,960.59357,-677.623,1146.4058,1016.5045,-772.11273,1533.3134,981.93304,-662.0109,1151.5248,1036.3477,-689.35596,1323.9913,1610.2295,-146.00761,1153.7866,1570.4238,145.89473,1206.9552,1936.2698,-627.6148,1046.3872,1895.3125,-147.46771,1048.1633,2328.1611,-608.54254,955.43854,2317.6907,-45.682663,1038.0304,2392.6719,-624.36163,963.9351,2390.3545,-51.282684,913.2177,2464.6426,-1027.1187,812.5501,2411.0679,-380.78717
IMG_20220729_190447145_HDR.jpg,pullups_up,1570.0096,1328.2432,-150.97356,1602.8668,1296.1438,-133.21005,1619.396,1297.2614,-133.37006,1635.4658,1298.9998,-133.6802,1564.557,1293.0121,-69.50676,1555.7037,1291.5563,-69.43614,1548.2986,1290.3748,-69.50357,1671.2382,1322.1063,79.9357,1557.7744,1309.8427,375.24188,1603.0834,1371.0126,-62.831367,1554.1204,1359.7112,20.805384,1763.0364,1503.7885,127.98004,1472.1228,1498.7363,690.93225,1844.2515,1667.3464,-393.06012,1341.1101,1713.3889,390.91644,1762.6139,1432.5991,-846.2287,1330.1819,1504.1024,-450.0269,1759.3936,1378.0388,-936.36237,1333.0651,1447.503,-578.091,1763.8938,1366.8065,-880.0885,1337.0767,1424.949,-554.60486,1754.5519,1389.2396,-829.2566,1347.0928,1447.9008,-467.21887,1556.555,1981.0782,-240.50893,1401.3885,1946.2499,240.29858,1429.8579,2379.0293,-485.51416,1271.1252,2359.3362,1.4756653,1280.2539,2818.787,-468.29004,1182.172,2794.1106,34.374336,1288.772,2887.7146,-487.47992,1201.0791,2861.3882,17.976921,1137.6862,2930.9265,-942.4957,1034.7015,2893.1958,-361.5189
IMG_20220729_190448601_HDR.jpg,pullups_up,1982.8468,949.7629,-61.530613,2002.9244,920.49066,-46.829674,2014.2655,920.24054,-46.96262,2026.1483,920.2406,-47.311516,1977.9423,920.25073,13.69876,1971.4048,919.6145,13.772849,1964.6919,918.8127,13.720786,2059.984,934.3868,152.78352,1965.9171,926.11633,436.97974,2001.7963,981.19495,23.76496,1967.7717,979.04895,104.11751,2158.0884,1087.403,233.04514,1896.256,1093.5087,709.91565,2261.493,1254.2528,-255.38344,1762.9897,1275.4878,538.31134,2188.96,1002.6821,-636.2187,1758.0743,1051.6617,-109.58618,2183.43,955.82416,-708.0376,1754.0273,1003.4659,-209.4047,2176.219,949.0571,-643.6494,1753.2623,984.5571,-195.44498,2170.543,967.41925,-614.8912,1766.1869,1002.8821,-124.30665,1959.6951,1546.3864,-220.13277,1823.3762,1507.6675,220.16052,1822.2677,1918.2013,-478.76715,1705.4678,1889.2526,-32.046665,1678.4885,2343.6948,-464.4657,1601.7927,2336.9836,-22.107502,1681.9243,2400.7441,-480.3493,1612.9436,2405.176,-37.42101,1559.0453,2445.2249,-890.87445,1469.4764,2410.1514,-390.0904
IMG_20220729_190657093_HDR.jpg,pullups_up,1735.471,349.2083,985.1704,1716.1616,315.81662,835.96173,1700.959,315.67462,836.15155,1685.2179,316.6176,836.15674,1755.16,317.2034,850.08154,1767.0247,317.42548,850.144,1779.8785,318.2398,849.8118,1667.6411,341.13327,369.2771,1802.2898,340.99442,427.9688,1715.9233,379.44058,853.3077,1755.9769,378.5001,868.0902,1546.3087,540.23083,194.17784,1926.1652,536.24786,255.85368,1318.8031,713.64777,616.7576,2121.2883,750.06696,746.34393,1358.5588,493.71613,1275.8448,2053.3093,535.5815,1499.0459,1345.9275,440.0832,1364.3499,2060.363,483.4253,1606.3619,1378.18,438.8244,1361.6906,2028.3136,485.01636,1612.2272,1394.3787,461.7111,1299.5195,2014.0503,506.41196,1527.2523,1634.1573,1182.861,43.163025,1847.9119,1180.574,-44.591156,1632.2286,1666.3801,61.67221,1819.2167,1661.5636,115.52225,1632.6255,2130.8228,53.35444,1746.5969,2122.128,98.82439,1640.0427,2200.3777,56.224274,1736.0396,2186.4192,99.712425,1605.8962,2189.5469,21.282726,1752.3264,2166.334,35.51864
IMG_20220729_190657760_HDR.jpg,pullups_up,1795.7987,260.0407,1371.5691,1776.048,226.0378,1214.7635,1761.5608,227.09808,1214.8885,1747.2035,228.91214,1214.8892,1814.5579,223.87979,1222.8916,1827.3734,223.11098,1222.8754,1840.8423,222.90955,1222.467,1728.1008,251.00702,687.60175,1861.0535,242.43709,718.6261,1776.4366,292.82837,1212.8904,1817.3733,289.94125,1219.5876,1601.3463,471.78497,430.93393,1982.7723,466.9911,461.78265,1389.6101,733.6725,779.8057,2158.8152,750.62897,926.12256,1440.1179,548.17267,1462.9819,2071.8044,578.9777,1761.9883,1428.1771,510.9561,1555.8855,2086.7517,530.5647,1890.2698,1472.5647,498.33252,1558.3654,2056.782,521.8696,1916.1066,1475.431,511.88913,1487.9454,2040.2574,536.8994,1800.5449,1692.2983,1104.6871,47.620087,1910.6705,1093.9495,-48.00585,1708.1321,1571.3503,-25.181269,1899.2854,1575.4507,77.79476,1723.9392,2071.9937,-243.37064,1871.0684,2063.3525,-164.94435,1740.6583,2141.9917,-267.6819,1854.1716,2129.7783,-192.59116,1680.8629,2171.5715,-334.34827,1940.1732,2151.9631,-289.6322
IMG_20220729_190658173.jpg,pullups_up,1671.3732,306.2665,1479.7018,1652.0669,276.73557,1337.5303,1639.0833,278.09323,1337.6415,1625.502,280.23917,1337.6632,1688.3672,272.263,1337.3114,1701.1431,270.66064,1337.3136,1714.7755,269.5535,1336.993,1604.8938,300.9116,834.10925,1729.9747,290.60233,830.8599,1655.1288,333.68488,1326.9161,1693.1996,330.68158,1323.0948,1472.6888,515.7233,596.371,1855.4302,488.00607,511.39563,1280.344,760.7555,940.26447,2048.059,728.4014,925.6595,1323.282,582.81976,1593.1157,1968.6821,564.2603,1722.0107,1304.8118,546.527,1694.3989,1982.9685,519.85535,1837.2408,1336.0282,535.9356,1692.4935,1952.5548,513.98486,1868.3335,1344.5215,550.54974,1616.9869,1938.5737,526.9647,1762.1685,1612.8087,1113.9192,124.74752,1826.3317,1082.326,-125.55313,1680.2794,1559.5127,162.44684,1864.5977,1544.9397,-29.464449,1743.2029,2025.4004,-208.63942,1872.397,2013.3547,-507.70224,1755.8436,2095.0535,-250.76309,1858.186,2082.34,-557.9923,1764.5828,2133.8374,-337.6091,1957.3695,2111.3428,-684.5237
IMG_20220729_190700619_HDR.jpg,pullups_up,1117.1166,670.92694,1392.4023,1103.5468,635.3164,1258.9983,1087.7751,633.05774,1259.1279,1071.8866,631.91425,1259.1244,1140.7635,642.466,1245.7201,1151.8447,644.484,1245.7124,1163.4144,647.15106,1245.2957,1045.0725,648.29364,805.48236,1175.449,670.3913,738.5073,1087.8853,694.1569,1258.6176,1129.5793,701.4337,1236.6451,874.2153,818.34796,582.1213,1240.7234,891.77734,429.06253,618.7387,980.5537,956.2025,1388.5769,1180.0273,728.83746,701.1772,834.7619,1620.3868,1351.016,1000.7548,1368.0503,689.29877,783.72125,1716.6146,1378.0924,958.7769,1457.4366,734.6599,787.51697,1713.0844,1348.5314,944.4212,1493.7345,750.3081,805.9545,1641.2751,1329.6292,954.9738,1405.7887,863.5908,1453.4784,120.34083,1073.9377,1483.5548,-121.143166,792.48047,1909.7188,149.7087,991.61426,1941.4697,-41.75547,740.2337,2407.6206,14.679191,856.3956,2417.7607,-273.00305,733.22754,2483.8342,-4.5615487,840.98914,2497.552,-300.03983,735.0209,2473.8328,-96.121765,875.1836,2509.0413,-438.43546
IMG_20220729_190703837_HDR.jpg,pullups_up,1422.2081,326.76254,1245.6683,1405.5033,293.93805,1066.2246,1390.2808,295.37402,1066.3009,1374.293,297.80566,1066.2067,1444.4742,294.27005,1101.9481,1458.9758,295.69077,1102.1644,1474.6501,298.05685,1101.9971,1349.4268,330.4789,473.76004,1506.1963,331.95697,628.22894,1402.3849,371.31946,1071.1217,1447.6152,371.8862,1112.3171,1196.277,608.2399,154.98712,1637.1034,612.05676,493.1759,960.4516,864.97595,656.9211,1819.9579,911.64996,1024.8381,1028.3477,597.426,1546.0398,1789.8055,627.6136,1822.3168,1014.89496,539.1782,1662.5322,1814.2489,566.8847,1960.5795,1059.2186,534.46576,1658.887,1774.0789,557.2561,1981.0023,1075.9467,559.2673,1582.0958,1749.0454,582.98083,1861.1997,1302.6696,1316.0995,-94.08952,1533.0935,1313.974,93.08225,1274.5349,1770.9868,35.314957,1487.4023,1777.135,509.06216,1284.2842,2258.3342,-242.20958,1409.4955,2258.0276,174.5906,1296.9792,2331.6416,-262.20105,1407.1042,2334.4578,144.73239,1237.2377,2337.9048,-238.84586,1403.6412,2327.2834,175.34872
IMG_20220729_190706531_HDR.jpg,pullups_up,1408.1879,316.373,1619.0436,1391.2096,280.48288,1458.2384,1377.2363,280.00974,1458.3551,1361.5415,280.41565,1458.3298,1429.5896,285.45114,1481.2417,1443.0659,288.3761,1481.4609,1457.7885,291.9056,1481.2527,1330.9246,307.35782,891.2867,1476.1683,320.92746,987.41644,1387.8313,356.22498,1445.6561,1428.4989,360.98938,1470.594,1161.1294,537.46423,561.48834,1588.5155,584.531,730.92444,927.2877,742.92566,961.0129,1762.9462,886.8279,1218.208,987.9701,502.10272,1730.491,1734.0781,634.52496,2040.0098,981.0679,456.28067,1834.1312,1754.7068,576.7707,2161.723,1020.08484,455.84546,1827.1578,1725.2467,560.88135,2201.6685,1031.2109,472.53818,1760.0004,1710.4801,581.52985,2085.0127,1227.7927,1213.3347,9.519253,1463.798,1223.703,-10.061945,1197.4945,1663.5558,-2.036253,1424.0037,1663.6914,226.04678,1191.4235,2143.8677,-328.4505,1332.0791,2143.1577,-151.8664,1214.5518,2221.6538,-362.27872,1324.1686,2222.5098,-190.65155,1157.5425,2252.1401,-362.47775,1327.1908,2213.414,-198.59561
IMG_20220729_190708112_HDR.jpg,pullups_up,1450.9438,1019.052,594.1125,1436.3817,986.0947,436.85406,1421.9698,986.50745,436.83234,1406.7833,987.9849,436.78116,1474.0411,988.1942,467.3945,1487.5697,989.5647,467.61328,1501.2144,991.36224,467.4376,1383.1249,1015.797,-24.391174,1524.1222,1020.10986,107.6552,1429.5134,1058.1748,468.21838,1471.3881,1056.8033,504.206,1239.0343,1252.0933,-248.33794,1643.3523,1260.3096,121.41677,1051.4088,1481.9724,164.46677,1831.095,1493.3066,595.34674,1090.8828,1240.872,793.89813,1787.6267,1226.4199,1160.6328,1077.9019,1168.3705,841.5314,1807.5026,1159.2677,1235.3538,1111.8763,1168.666,832.194,1782.4817,1155.7957,1239.8381,1126.5117,1190.7273,816.7662,1761.3181,1178.8171,1183.1028,1354.4036,1884.2648,-118.589035,1560.162,1877.0621,117.657364,1357.3673,2287.2554,74.51653,1551.083,2289.6936,509.09436,1380.3795,2707.5334,224.65002,1506.3733,2708.064,670.9934,1383.7466,2796.5764,247.33264,1501.3885,2790.377,690.16144,1356.3448,2713.6145,258.57394,1551.3511,2716.1409,708.4671
IMG_20220729_190709770_HDR.jpg,pullups_up,1820.1346,495.08633,404.22766,1799.8591,465.33762,253.27078,1783.9746,466.44626,253.23436,1768.3986,468.17834,253.1479,1844.4493,469.1256,276.99072,1858.2485,472.18143,277.15314,1872.4714,475.81564,277.02667,1748.5507,497.7908,-160.801,1894.3359,506.7409,-59.60944,1795.7124,532.5049,298.18604,1845.9017,534.164,325.21326,1606.8475,740.7462,-320.4039,2004.6869,739.50006,-23.731148,1406.1667,967.947,106.5154,2187.9336,986.02386,488.58786,1443.9865,696.8582,745.34796,2141.408,722.8038,1112.38,1429.6129,635.0896,787.6562,2163.9243,645.8936,1183.434,1463.2235,631.7195,784.53735,2134.4946,647.4011,1189.6204,1474.384,650.9298,770.1887,2110.43,672.7385,1136.4592,1705.765,1356.0922,-86.520035,1916.7745,1350.8247,85.41319,1718.6857,1761.2396,269.34833,1919.882,1747.3335,616.21484,1742.3223,2150.675,602.3207,1877.3693,2148.8572,960.6354,1749.1665,2222.9973,645.99677,1866.4255,2219.226,999.20404,1709.9565,2185.172,663.8273,1930.4988,2155.848,1013.6899
